# -*- coding: utf-8 -*-

# Resource object code
#
# Created by: The Resource Compiler for PyQt5 (Qt v5.9.7)
#
# WARNING! All changes made in this file will be lost!

from PyQt5 import QtCore

qt_resource_data = b"\
\x00\x00\x0e\xb4\
\x3c\
\x3f\x78\x6d\x6c\x20\x76\x65\x72\x73\x69\x6f\x6e\x3d\x22\x31\x2e\
\x30\x22\x20\x65\x6e\x63\x6f\x64\x69\x6e\x67\x3d\x22\x55\x54\x46\
\x2d\x38\x22\x20\x73\x74\x61\x6e\x64\x61\x6c\x6f\x6e\x65\x3d\x22\
\x6e\x6f\x22\x3f\x3e\x0a\x3c\x21\x2d\x2d\x70\x61\x72\x74\x20\x6f\
\x66\x20\x74\x68\x65\x20\x72\x6f\x64\x65\x6e\x74\x69\x61\x20\x69\
\x63\x6f\x6e\x20\x74\x68\x65\x6d\x65\x20\x62\x79\x20\x73\x69\x78\
\x73\x69\x78\x66\x69\x76\x65\x20\x72\x65\x6c\x65\x61\x73\x65\x64\
\x20\x75\x6e\x64\x65\x72\x20\x43\x43\x30\x20\x28\x68\x74\x74\x70\
\x73\x3a\x2f\x2f\x63\x72\x65\x61\x74\x69\x76\x65\x63\x6f\x6d\x6d\
\x6f\x6e\x73\x2e\x6f\x72\x67\x2f\x70\x75\x62\x6c\x69\x63\x64\x6f\
\x6d\x61\x69\x6e\x2f\x7a\x65\x72\x6f\x2f\x31\x2e\x30\x2f\x29\x20\
\x6f\x6e\x20\x6f\x70\x65\x6e\x63\x6c\x69\x70\x61\x72\x74\x2d\x2d\
\x3e\x0a\x3c\x73\x76\x67\x20\x78\x6d\x6c\x6e\x73\x3d\x22\x68\x74\
\x74\x70\x3a\x2f\x2f\x77\x77\x77\x2e\x77\x33\x2e\x6f\x72\x67\x2f\
\x32\x30\x30\x30\x2f\x73\x76\x67\x22\x20\x78\x6d\x6c\x6e\x73\x3a\
\x78\x6c\x69\x6e\x6b\x3d\x22\x68\x74\x74\x70\x3a\x2f\x2f\x77\x77\
\x77\x2e\x77\x33\x2e\x6f\x72\x67\x2f\x31\x39\x39\x39\x2f\x78\x6c\
\x69\x6e\x6b\x22\x20\x76\x69\x65\x77\x42\x6f\x78\x3d\x22\x30\x20\
\x30\x20\x34\x38\x20\x34\x38\x22\x3e\x0a\x20\x3c\x64\x65\x66\x73\
\x20\x69\x64\x3d\x22\x30\x22\x3e\x0a\x20\x20\x3c\x6c\x69\x6e\x65\
\x61\x72\x47\x72\x61\x64\x69\x65\x6e\x74\x20\x69\x64\x3d\x22\x32\
\x22\x3e\x0a\x20\x20\x20\x3c\x73\x74\x6f\x70\x20\x69\x64\x3d\x22\
\x41\x22\x20\x73\x74\x6f\x70\x2d\x63\x6f\x6c\x6f\x72\x3d\x22\x23\
\x32\x65\x33\x34\x33\x36\x22\x2f\x3e\x0a\x20\x20\x20\x3c\x73\x74\
\x6f\x70\x20\x69\x64\x3d\x22\x42\x22\x20\x6f\x66\x66\x73\x65\x74\
\x3d\x22\x31\x22\x20\x73\x74\x6f\x70\x2d\x63\x6f\x6c\x6f\x72\x3d\
\x22\x23\x32\x65\x33\x34\x33\x36\x22\x20\x73\x74\x6f\x70\x2d\x6f\
\x70\x61\x63\x69\x74\x79\x3d\x22\x30\x22\x2f\x3e\x0a\x20\x20\x3c\
\x2f\x6c\x69\x6e\x65\x61\x72\x47\x72\x61\x64\x69\x65\x6e\x74\x3e\
\x0a\x20\x20\x3c\x6c\x69\x6e\x65\x61\x72\x47\x72\x61\x64\x69\x65\
\x6e\x74\x20\x69\x64\x3d\x22\x33\x22\x3e\x0a\x20\x20\x20\x3c\x73\
\x74\x6f\x70\x20\x69\x64\x3d\x22\x43\x22\x20\x73\x74\x6f\x70\x2d\
\x63\x6f\x6c\x6f\x72\x3d\x22\x23\x65\x65\x65\x65\x65\x63\x22\x2f\
\x3e\x0a\x20\x20\x20\x3c\x73\x74\x6f\x70\x20\x69\x64\x3d\x22\x44\
\x22\x20\x6f\x66\x66\x73\x65\x74\x3d\x22\x31\x22\x20\x73\x74\x6f\
\x70\x2d\x63\x6f\x6c\x6f\x72\x3d\x22\x23\x65\x65\x65\x65\x65\x63\
\x22\x20\x73\x74\x6f\x70\x2d\x6f\x70\x61\x63\x69\x74\x79\x3d\x22\
\x30\x22\x2f\x3e\x0a\x20\x20\x3c\x2f\x6c\x69\x6e\x65\x61\x72\x47\
\x72\x61\x64\x69\x65\x6e\x74\x3e\x0a\x20\x20\x3c\x6c\x69\x6e\x65\
\x61\x72\x47\x72\x61\x64\x69\x65\x6e\x74\x20\x69\x64\x3d\x22\x34\
\x22\x3e\x0a\x20\x20\x20\x3c\x73\x74\x6f\x70\x20\x69\x64\x3d\x22\
\x45\x22\x20\x73\x74\x6f\x70\x2d\x63\x6f\x6c\x6f\x72\x3d\x22\x23\
\x66\x66\x66\x22\x20\x73\x74\x6f\x70\x2d\x6f\x70\x61\x63\x69\x74\
\x79\x3d\x22\x30\x2e\x38\x22\x2f\x3e\x0a\x20\x20\x20\x3c\x73\x74\
\x6f\x70\x20\x69\x64\x3d\x22\x46\x22\x20\x6f\x66\x66\x73\x65\x74\
\x3d\x22\x31\x22\x20\x73\x74\x6f\x70\x2d\x63\x6f\x6c\x6f\x72\x3d\
\x22\x23\x66\x66\x66\x22\x20\x73\x74\x6f\x70\x2d\x6f\x70\x61\x63\
\x69\x74\x79\x3d\x22\x30\x22\x2f\x3e\x0a\x20\x20\x3c\x2f\x6c\x69\
\x6e\x65\x61\x72\x47\x72\x61\x64\x69\x65\x6e\x74\x3e\x0a\x20\x20\
\x3c\x72\x61\x64\x69\x61\x6c\x47\x72\x61\x64\x69\x65\x6e\x74\x20\
\x63\x78\x3d\x22\x32\x34\x2e\x33\x37\x37\x22\x20\x63\x79\x3d\x22\
\x34\x35\x2e\x39\x34\x31\x22\x20\x72\x3d\x22\x32\x33\x2e\x30\x38\
\x22\x20\x69\x64\x3d\x22\x35\x22\x20\x78\x6c\x69\x6e\x6b\x3a\x68\
\x72\x65\x66\x3d\x22\x23\x32\x22\x20\x67\x72\x61\x64\x69\x65\x6e\
\x74\x55\x6e\x69\x74\x73\x3d\x22\x75\x73\x65\x72\x53\x70\x61\x63\
\x65\x4f\x6e\x55\x73\x65\x22\x20\x67\x72\x61\x64\x69\x65\x6e\x74\
\x54\x72\x61\x6e\x73\x66\x6f\x72\x6d\x3d\x22\x6d\x61\x74\x72\x69\
\x78\x28\x31\x2c\x30\x2c\x30\x2c\x30\x2e\x31\x34\x35\x35\x33\x39\
\x39\x2c\x30\x2c\x33\x39\x2e\x32\x35\x35\x31\x37\x33\x29\x22\x2f\
\x3e\x0a\x20\x20\x3c\x6c\x69\x6e\x65\x61\x72\x47\x72\x61\x64\x69\
\x65\x6e\x74\x20\x79\x31\x3d\x22\x34\x2e\x32\x31\x39\x22\x20\x78\
\x32\x3d\x22\x30\x22\x20\x79\x32\x3d\x22\x34\x33\x2e\x37\x38\x31\
\x22\x20\x69\x64\x3d\x22\x36\x22\x20\x78\x6c\x69\x6e\x6b\x3a\x68\
\x72\x65\x66\x3d\x22\x23\x34\x22\x20\x67\x72\x61\x64\x69\x65\x6e\
\x74\x55\x6e\x69\x74\x73\x3d\x22\x75\x73\x65\x72\x53\x70\x61\x63\
\x65\x4f\x6e\x55\x73\x65\x22\x2f\x3e\x0a\x20\x20\x3c\x6c\x69\x6e\
\x65\x61\x72\x47\x72\x61\x64\x69\x65\x6e\x74\x20\x78\x31\x3d\x22\
\x34\x2e\x30\x39\x34\x22\x20\x79\x31\x3d\x22\x2d\x35\x38\x2e\x30\
\x31\x22\x20\x78\x32\x3d\x22\x31\x35\x2e\x32\x39\x38\x22\x20\x79\
\x32\x3d\x22\x33\x33\x2e\x39\x30\x36\x22\x20\x69\x64\x3d\x22\x37\
\x22\x20\x78\x6c\x69\x6e\x6b\x3a\x68\x72\x65\x66\x3d\x22\x23\x33\
\x22\x20\x67\x72\x61\x64\x69\x65\x6e\x74\x55\x6e\x69\x74\x73\x3d\
\x22\x75\x73\x65\x72\x53\x70\x61\x63\x65\x4f\x6e\x55\x73\x65\x22\
\x20\x67\x72\x61\x64\x69\x65\x6e\x74\x54\x72\x61\x6e\x73\x66\x6f\
\x72\x6d\x3d\x22\x74\x72\x61\x6e\x73\x6c\x61\x74\x65\x28\x30\x2e\
\x37\x30\x36\x33\x39\x32\x33\x2c\x2d\x31\x2e\x34\x39\x39\x39\x39\
\x39\x35\x29\x22\x2f\x3e\x0a\x20\x3c\x2f\x64\x65\x66\x73\x3e\x0a\
\x20\x3c\x67\x20\x69\x64\x3d\x22\x31\x22\x3e\x0a\x20\x20\x3c\x70\
\x61\x74\x68\x20\x64\x3d\x22\x6d\x20\x34\x37\x2e\x34\x35\x33\x39\
\x35\x35\x2c\x34\x35\x2e\x39\x34\x31\x34\x39\x34\x20\x61\x20\x32\
\x33\x2e\x30\x37\x36\x39\x32\x33\x2c\x33\x2e\x33\x35\x38\x36\x31\
\x33\x34\x20\x30\x20\x31\x20\x31\x20\x2d\x34\x36\x2e\x31\x35\x33\
\x38\x34\x37\x2c\x30\x20\x32\x33\x2e\x30\x37\x36\x39\x32\x33\x2c\
\x33\x2e\x33\x35\x38\x36\x31\x33\x34\x20\x30\x20\x31\x20\x31\x20\
\x34\x36\x2e\x31\x35\x33\x38\x34\x37\x2c\x30\x20\x7a\x22\x20\x74\
\x72\x61\x6e\x73\x66\x6f\x72\x6d\x3d\x22\x74\x72\x61\x6e\x73\x6c\
\x61\x74\x65\x28\x2d\x30\x2e\x33\x37\x37\x30\x33\x31\x33\x33\x2c\
\x2d\x32\x2e\x38\x30\x30\x31\x30\x37\x38\x29\x22\x20\x69\x64\x3d\
\x22\x38\x22\x20\x6f\x70\x61\x63\x69\x74\x79\x3d\x22\x30\x2e\x38\
\x22\x20\x66\x69\x6c\x6c\x3d\x22\x75\x72\x6c\x28\x23\x35\x29\x22\
\x2f\x3e\x0a\x20\x20\x3c\x67\x20\x74\x72\x61\x6e\x73\x66\x6f\x72\
\x6d\x3d\x22\x74\x72\x61\x6e\x73\x6c\x61\x74\x65\x28\x2d\x30\x2e\
\x37\x30\x36\x33\x39\x32\x32\x39\x2c\x30\x29\x22\x20\x69\x64\x3d\
\x22\x39\x22\x3e\x0a\x20\x20\x20\x3c\x72\x65\x63\x74\x20\x77\x69\
\x64\x74\x68\x3d\x22\x34\x32\x22\x20\x68\x65\x69\x67\x68\x74\x3d\
\x22\x34\x32\x22\x20\x78\x3d\x22\x33\x2e\x37\x30\x36\x22\x20\x79\
\x3d\x22\x31\x2e\x35\x22\x20\x69\x64\x3d\x22\x47\x22\x20\x66\x69\
\x6c\x6c\x3d\x22\x23\x34\x34\x35\x38\x30\x30\x22\x20\x72\x78\x3d\
\x22\x36\x22\x2f\x3e\x0a\x20\x20\x20\x3c\x70\x61\x74\x68\x20\x64\
\x3d\x22\x4d\x20\x39\x2c\x34\x2e\x30\x39\x33\x37\x35\x20\x43\x20\
\x36\x2e\x32\x36\x30\x38\x37\x37\x31\x2c\x34\x2e\x30\x39\x33\x37\
\x35\x20\x34\x2e\x30\x39\x33\x37\x35\x2c\x36\x2e\x32\x36\x30\x38\
\x37\x37\x31\x20\x34\x2e\x30\x39\x33\x37\x35\x2c\x39\x20\x6c\x20\
\x30\x2c\x33\x30\x20\x63\x20\x30\x2c\x32\x2e\x37\x33\x39\x31\x32\
\x33\x20\x32\x2e\x31\x36\x37\x31\x32\x37\x31\x2c\x34\x2e\x39\x30\
\x36\x32\x35\x20\x34\x2e\x39\x30\x36\x32\x35\x2c\x34\x2e\x39\x30\
\x36\x32\x35\x20\x6c\x20\x33\x30\x2c\x30\x20\x63\x20\x32\x2e\x37\
\x33\x39\x31\x32\x33\x2c\x30\x20\x34\x2e\x39\x30\x36\x32\x35\x2c\
\x2d\x32\x2e\x31\x36\x37\x31\x32\x37\x20\x34\x2e\x39\x30\x36\x32\
\x35\x2c\x2d\x34\x2e\x39\x30\x36\x32\x35\x20\x6c\x20\x30\x2c\x2d\
\x33\x30\x20\x43\x20\x34\x33\x2e\x39\x30\x36\x32\x35\x2c\x36\x2e\
\x32\x36\x30\x38\x37\x37\x31\x20\x34\x31\x2e\x37\x33\x39\x31\x32\
\x33\x2c\x34\x2e\x30\x39\x33\x37\x35\x20\x33\x39\x2c\x34\x2e\x30\
\x39\x33\x37\x35\x20\x6c\x20\x2d\x33\x30\x2c\x30\x20\x7a\x22\x20\
\x74\x72\x61\x6e\x73\x66\x6f\x72\x6d\x3d\x22\x74\x72\x61\x6e\x73\
\x6c\x61\x74\x65\x28\x30\x2e\x37\x30\x36\x33\x39\x32\x33\x2c\x2d\
\x31\x2e\x34\x39\x39\x39\x39\x39\x35\x29\x22\x20\x69\x64\x3d\x22\
\x48\x22\x20\x66\x69\x6c\x6c\x3d\x22\x23\x38\x62\x62\x33\x30\x30\
\x22\x2f\x3e\x0a\x20\x20\x20\x3c\x70\x61\x74\x68\x20\x64\x3d\x22\
\x6d\x20\x32\x30\x2e\x31\x38\x37\x35\x2c\x39\x2e\x33\x31\x32\x35\
\x20\x63\x20\x2d\x30\x2e\x31\x34\x30\x36\x36\x33\x2c\x2d\x30\x2e\
\x30\x30\x31\x36\x34\x20\x2d\x30\x2e\x32\x37\x35\x35\x33\x2c\x30\
\x2e\x30\x35\x36\x37\x38\x20\x2d\x30\x2e\x33\x37\x35\x2c\x30\x2e\
\x31\x35\x36\x32\x35\x20\x2d\x30\x2e\x30\x39\x39\x34\x37\x2c\x30\
\x2e\x30\x39\x39\x34\x37\x20\x2d\x30\x2e\x31\x35\x37\x38\x39\x32\
\x2c\x30\x2e\x32\x33\x34\x33\x33\x37\x32\x20\x2d\x30\x2e\x31\x35\
\x36\x32\x35\x2c\x30\x2e\x33\x37\x35\x20\x6c\x20\x30\x2c\x37\x2e\
\x35\x39\x33\x37\x35\x20\x2d\x37\x2e\x35\x39\x33\x37\x35\x2c\x30\
\x20\x63\x20\x2d\x30\x2e\x30\x31\x38\x35\x33\x2c\x2d\x39\x2e\x38\
\x38\x65\x2d\x34\x20\x2d\x30\x2e\x30\x34\x33\x39\x37\x2c\x2d\x39\
\x2e\x38\x38\x65\x2d\x34\x20\x2d\x30\x2e\x30\x36\x32\x35\x2c\x30\
\x20\x2d\x30\x2e\x32\x37\x31\x33\x35\x39\x2c\x30\x2e\x30\x32\x35\
\x38\x33\x20\x2d\x30\x2e\x34\x37\x33\x31\x33\x39\x2c\x30\x2e\x32\
\x35\x38\x37\x20\x2d\x30\x2e\x34\x36\x38\x37\x35\x2c\x30\x2e\x35\
\x33\x31\x32\x35\x20\x6c\x20\x30\x2c\x39\x2e\x30\x36\x32\x35\x20\
\x63\x20\x2d\x30\x2e\x30\x30\x31\x36\x2c\x30\x2e\x31\x34\x30\x36\
\x36\x32\x20\x30\x2e\x30\x35\x36\x37\x38\x2c\x30\x2e\x32\x37\x35\
\x35\x33\x20\x30\x2e\x31\x35\x36\x32\x35\x2c\x30\x2e\x33\x37\x35\
\x20\x30\x2e\x30\x39\x39\x34\x37\x2c\x30\x2e\x30\x39\x39\x34\x37\
\x20\x30\x2e\x32\x33\x34\x33\x33\x37\x2c\x30\x2e\x31\x35\x37\x38\
\x39\x32\x20\x30\x2e\x33\x37\x35\x2c\x30\x2e\x31\x35\x36\x32\x35\
\x20\x6c\x20\x37\x2e\x35\x39\x33\x37\x35\x2c\x30\x20\x30\x2c\x37\
\x2e\x35\x39\x33\x37\x35\x20\x63\x20\x2d\x30\x2e\x30\x30\x31\x36\
\x2c\x30\x2e\x31\x34\x30\x36\x36\x34\x20\x30\x2e\x30\x35\x36\x37\
\x38\x2c\x30\x2e\x32\x37\x35\x35\x33\x20\x30\x2e\x31\x35\x36\x32\
\x35\x2c\x30\x2e\x33\x37\x35\x20\x30\x2e\x30\x39\x39\x34\x37\x2c\
\x30\x2e\x30\x39\x39\x34\x37\x20\x30\x2e\x32\x33\x34\x33\x33\x37\
\x2c\x30\x2e\x31\x35\x37\x38\x39\x32\x20\x30\x2e\x33\x37\x35\x2c\
\x30\x2e\x31\x35\x36\x32\x35\x20\x6c\x20\x39\x2e\x30\x36\x32\x35\
\x2c\x30\x20\x63\x20\x30\x2e\x31\x34\x30\x36\x36\x33\x2c\x30\x2e\
\x30\x30\x31\x36\x20\x30\x2e\x32\x37\x35\x35\x33\x2c\x2d\x30\x2e\
\x30\x35\x36\x37\x38\x20\x30\x2e\x33\x37\x35\x2c\x2d\x30\x2e\x31\
\x35\x36\x32\x35\x20\x30\x2e\x30\x39\x39\x34\x37\x2c\x2d\x30\x2e\
\x30\x39\x39\x34\x37\x20\x30\x2e\x31\x35\x37\x38\x39\x32\x2c\x2d\
\x30\x2e\x32\x33\x34\x33\x33\x37\x20\x30\x2e\x31\x35\x36\x32\x35\
\x2c\x2d\x30\x2e\x33\x37\x35\x20\x6c\x20\x30\x2c\x2d\x37\x2e\x35\
\x39\x33\x37\x35\x20\x37\x2e\x35\x39\x33\x37\x35\x2c\x30\x20\x63\
\x20\x30\x2e\x31\x34\x30\x36\x36\x34\x2c\x30\x2e\x30\x30\x31\x36\
\x20\x30\x2e\x32\x37\x35\x35\x33\x2c\x2d\x30\x2e\x30\x35\x36\x37\
\x38\x20\x30\x2e\x33\x37\x35\x2c\x2d\x30\x2e\x31\x35\x36\x32\x35\
\x20\x30\x2e\x30\x39\x39\x34\x37\x2c\x2d\x30\x2e\x30\x39\x39\x34\
\x37\x20\x30\x2e\x31\x35\x37\x38\x39\x32\x2c\x2d\x30\x2e\x32\x33\
\x34\x33\x33\x37\x20\x30\x2e\x31\x35\x36\x32\x35\x2c\x2d\x30\x2e\
\x33\x37\x35\x20\x6c\x20\x30\x2c\x2d\x39\x2e\x30\x36\x32\x35\x20\
\x63\x20\x30\x2e\x30\x30\x31\x36\x2c\x2d\x30\x2e\x31\x34\x30\x36\
\x36\x32\x20\x2d\x30\x2e\x30\x35\x36\x37\x38\x2c\x2d\x30\x2e\x32\
\x37\x35\x35\x33\x20\x2d\x30\x2e\x31\x35\x36\x32\x35\x2c\x2d\x30\
\x2e\x33\x37\x35\x20\x2d\x30\x2e\x30\x39\x39\x34\x37\x2c\x2d\x30\
\x2e\x30\x39\x39\x34\x37\x20\x2d\x30\x2e\x32\x33\x34\x33\x33\x37\
\x2c\x2d\x30\x2e\x31\x35\x37\x38\x39\x32\x20\x2d\x30\x2e\x33\x37\
\x35\x2c\x2d\x30\x2e\x31\x35\x36\x32\x35\x20\x6c\x20\x2d\x37\x2e\
\x35\x39\x33\x37\x35\x2c\x30\x20\x30\x2c\x2d\x37\x2e\x35\x39\x33\
\x37\x35\x20\x63\x20\x39\x2e\x38\x37\x65\x2d\x34\x2c\x2d\x30\x2e\
\x30\x31\x38\x35\x33\x20\x39\x2e\x38\x38\x65\x2d\x34\x2c\x2d\x30\
\x2e\x30\x34\x33\x39\x36\x39\x20\x30\x2c\x2d\x30\x2e\x30\x36\x32\
\x35\x20\x43\x20\x32\x39\x2e\x37\x35\x35\x34\x32\x31\x2c\x39\x2e\
\x35\x30\x39\x38\x39\x30\x38\x20\x32\x39\x2e\x35\x32\x32\x35\x35\
\x2c\x39\x2e\x33\x30\x38\x31\x31\x31\x32\x20\x32\x39\x2e\x32\x35\
\x2c\x39\x2e\x33\x31\x32\x35\x20\x6c\x20\x2d\x39\x2e\x30\x36\x32\
\x35\x2c\x30\x20\x7a\x22\x20\x69\x64\x3d\x22\x49\x22\x20\x66\x69\
\x6c\x6c\x3d\x22\x23\x36\x33\x38\x30\x30\x30\x22\x2f\x3e\x0a\x20\
\x20\x20\x3c\x70\x61\x74\x68\x20\x64\x3d\x22\x6d\x20\x32\x30\x2e\
\x38\x31\x32\x35\x2c\x31\x30\x2e\x34\x33\x37\x35\x20\x30\x2c\x38\
\x2e\x31\x35\x36\x32\x35\x20\x2d\x38\x2e\x31\x35\x36\x32\x35\x2c\
\x30\x20\x30\x2c\x37\x2e\x38\x31\x32\x35\x20\x38\x2e\x31\x35\x36\
\x32\x35\x2c\x30\x20\x30\x2c\x38\x2e\x31\x32\x35\x20\x37\x2e\x38\
\x31\x32\x35\x2c\x30\x20\x30\x2c\x2d\x38\x2e\x31\x32\x35\x20\x38\
\x2e\x31\x32\x35\x2c\x30\x20\x30\x2c\x2d\x37\x2e\x38\x31\x32\x35\
\x20\x2d\x38\x2e\x31\x32\x35\x2c\x30\x20\x30\x2c\x2d\x38\x2e\x31\
\x35\x36\x32\x35\x20\x2d\x37\x2e\x38\x31\x32\x35\x2c\x30\x20\x7a\
\x22\x20\x69\x64\x3d\x22\x4a\x22\x20\x66\x69\x6c\x6c\x3d\x22\x23\
\x65\x65\x65\x65\x65\x63\x22\x2f\x3e\x0a\x20\x20\x20\x3c\x70\x61\
\x74\x68\x20\x64\x3d\x22\x4d\x20\x39\x2c\x34\x2e\x37\x31\x38\x37\
\x35\x20\x43\x20\x36\x2e\x35\x39\x34\x33\x38\x35\x32\x2c\x34\x2e\
\x37\x31\x38\x37\x35\x20\x34\x2e\x37\x31\x38\x37\x35\x2c\x36\x2e\
\x35\x39\x34\x33\x38\x35\x32\x20\x34\x2e\x37\x31\x38\x37\x35\x2c\
\x39\x20\x6c\x20\x30\x2c\x33\x30\x20\x63\x20\x30\x2c\x32\x2e\x34\
\x30\x35\x36\x31\x35\x20\x31\x2e\x38\x37\x35\x36\x33\x35\x32\x2c\
\x34\x2e\x32\x38\x31\x32\x35\x20\x34\x2e\x32\x38\x31\x32\x35\x2c\
\x34\x2e\x32\x38\x31\x32\x35\x20\x6c\x20\x33\x30\x2c\x30\x20\x63\
\x20\x32\x2e\x34\x30\x35\x36\x31\x35\x2c\x30\x20\x34\x2e\x32\x38\
\x31\x32\x35\x2c\x2d\x31\x2e\x38\x37\x35\x36\x33\x35\x20\x34\x2e\
\x32\x38\x31\x32\x35\x2c\x2d\x34\x2e\x32\x38\x31\x32\x35\x20\x6c\
\x20\x30\x2c\x2d\x33\x30\x20\x43\x20\x34\x33\x2e\x32\x38\x31\x32\
\x35\x2c\x36\x2e\x35\x39\x34\x33\x38\x35\x32\x20\x34\x31\x2e\x34\
\x30\x35\x36\x31\x35\x2c\x34\x2e\x37\x31\x38\x37\x35\x20\x33\x39\
\x2c\x34\x2e\x37\x31\x38\x37\x35\x20\x6c\x20\x2d\x33\x30\x2c\x30\
\x20\x7a\x22\x20\x74\x72\x61\x6e\x73\x66\x6f\x72\x6d\x3d\x22\x74\
\x72\x61\x6e\x73\x6c\x61\x74\x65\x28\x30\x2e\x37\x30\x36\x33\x39\
\x32\x33\x2c\x2d\x31\x2e\x34\x39\x39\x39\x39\x39\x35\x29\x22\x20\
\x69\x64\x3d\x22\x4b\x22\x20\x6f\x70\x61\x63\x69\x74\x79\x3d\x22\
\x30\x2e\x38\x22\x20\x66\x69\x6c\x6c\x3d\x22\x6e\x6f\x6e\x65\x22\
\x20\x73\x74\x72\x6f\x6b\x65\x3d\x22\x75\x72\x6c\x28\x23\x36\x29\
\x22\x20\x73\x74\x72\x6f\x6b\x65\x2d\x6c\x69\x6e\x65\x63\x61\x70\
\x3d\x22\x72\x6f\x75\x6e\x64\x22\x20\x73\x74\x72\x6f\x6b\x65\x2d\
\x64\x61\x73\x68\x6f\x66\x66\x73\x65\x74\x3d\x22\x33\x30\x22\x2f\
\x3e\x0a\x20\x20\x20\x3c\x70\x61\x74\x68\x20\x64\x3d\x22\x6d\x20\
\x39\x2e\x37\x30\x36\x33\x39\x32\x33\x2c\x32\x2e\x35\x39\x33\x37\
\x35\x30\x35\x20\x63\x20\x2d\x32\x2e\x37\x33\x39\x31\x32\x32\x39\
\x2c\x30\x20\x2d\x34\x2e\x39\x30\x36\x32\x35\x2c\x32\x2e\x31\x36\
\x37\x31\x32\x37\x31\x20\x2d\x34\x2e\x39\x30\x36\x32\x35\x2c\x34\
\x2e\x39\x30\x36\x32\x35\x20\x6c\x20\x30\x2c\x31\x37\x2e\x31\x35\
\x36\x32\x35\x30\x35\x20\x43\x20\x31\x36\x2e\x38\x38\x35\x33\x35\
\x2c\x31\x39\x2e\x35\x32\x33\x31\x30\x38\x20\x33\x30\x2e\x34\x38\
\x30\x39\x38\x37\x2c\x31\x35\x2e\x30\x38\x36\x37\x32\x38\x20\x34\
\x34\x2e\x36\x31\x32\x36\x34\x32\x2c\x31\x32\x2e\x31\x32\x35\x30\
\x30\x31\x20\x6c\x20\x30\x2c\x2d\x34\x2e\x36\x32\x35\x30\x30\x30\
\x35\x20\x63\x20\x30\x2c\x2d\x32\x2e\x37\x33\x39\x31\x32\x32\x39\
\x20\x2d\x32\x2e\x31\x36\x37\x31\x32\x37\x2c\x2d\x34\x2e\x39\x30\
\x36\x32\x35\x20\x2d\x34\x2e\x39\x30\x36\x32\x35\x2c\x2d\x34\x2e\
\x39\x30\x36\x32\x35\x20\x6c\x20\x2d\x32\x39\x2e\x39\x39\x39\x39\
\x39\x39\x37\x2c\x30\x20\x7a\x22\x20\x69\x64\x3d\x22\x4c\x22\x20\
\x6f\x70\x61\x63\x69\x74\x79\x3d\x22\x30\x2e\x36\x22\x20\x66\x69\
\x6c\x6c\x3d\x22\x75\x72\x6c\x28\x23\x37\x29\x22\x2f\x3e\x0a\x20\
\x20\x3c\x2f\x67\x3e\x0a\x20\x3c\x2f\x67\x3e\x0a\x3c\x2f\x73\x76\
\x67\x3e\x0a\
\x00\x00\x05\x60\
\x3c\
\x73\x76\x67\x20\x78\x6d\x6c\x6e\x73\x3d\x22\x68\x74\x74\x70\x3a\
\x2f\x2f\x77\x77\x77\x2e\x77\x33\x2e\x6f\x72\x67\x2f\x32\x30\x30\
\x30\x2f\x73\x76\x67\x22\x20\x78\x6d\x6c\x6e\x73\x3a\x78\x6c\x69\
\x6e\x6b\x3d\x22\x68\x74\x74\x70\x3a\x2f\x2f\x77\x77\x77\x2e\x77\
\x33\x2e\x6f\x72\x67\x2f\x31\x39\x39\x39\x2f\x78\x6c\x69\x6e\x6b\
\x22\x20\x76\x65\x72\x73\x69\x6f\x6e\x3d\x22\x31\x2e\x31\x22\x20\
\x69\x64\x3d\x22\x55\x70\x6c\x6f\x61\x64\x65\x64\x20\x74\x6f\x20\
\x73\x76\x67\x72\x65\x70\x6f\x2e\x63\x6f\x6d\x22\x20\x77\x69\x64\
\x74\x68\x3d\x22\x38\x30\x30\x70\x78\x22\x20\x68\x65\x69\x67\x68\
\x74\x3d\x22\x38\x30\x30\x70\x78\x22\x20\x76\x69\x65\x77\x42\x6f\
\x78\x3d\x22\x2d\x33\x20\x2d\x33\x20\x33\x38\x20\x33\x38\x22\x20\
\x78\x6d\x6c\x3a\x73\x70\x61\x63\x65\x3d\x22\x70\x72\x65\x73\x65\
\x72\x76\x65\x22\x20\x74\x72\x61\x6e\x73\x66\x6f\x72\x6d\x3d\x22\
\x6d\x61\x74\x72\x69\x78\x28\x31\x2c\x20\x30\x2c\x20\x30\x2c\x20\
\x31\x2c\x20\x30\x2c\x20\x30\x29\x22\x3e\x3c\x67\x20\x69\x64\x3d\
\x22\x64\x65\x65\x64\x69\x74\x6f\x72\x5f\x62\x67\x43\x61\x72\x72\
\x69\x65\x72\x22\x20\x73\x74\x72\x6f\x6b\x65\x2d\x77\x69\x64\x74\
\x68\x3d\x22\x30\x22\x3e\x0a\x20\x20\x20\x20\x3c\x72\x65\x63\x74\
\x20\x69\x64\x3d\x22\x64\x65\x65\x5f\x63\x5f\x65\x22\x20\x78\x3d\
\x22\x2d\x33\x22\x20\x79\x3d\x22\x2d\x33\x22\x20\x77\x69\x64\x74\
\x68\x3d\x22\x33\x38\x22\x20\x68\x65\x69\x67\x68\x74\x3d\x22\x33\
\x38\x22\x20\x72\x78\x3d\x22\x30\x22\x20\x66\x69\x6c\x6c\x3d\x22\
\x23\x33\x66\x39\x63\x64\x35\x22\x20\x73\x74\x72\x6f\x6b\x65\x77\
\x69\x64\x74\x68\x3d\x22\x30\x22\x2f\x3e\x0a\x20\x20\x3c\x2f\x67\
\x3e\x0a\x3c\x73\x74\x79\x6c\x65\x20\x74\x79\x70\x65\x3d\x22\x74\
\x65\x78\x74\x2f\x63\x73\x73\x22\x3e\x0a\x09\x2e\x6c\x69\x6e\x65\
\x73\x61\x6e\x64\x61\x6e\x67\x6c\x65\x73\x5f\x65\x65\x6e\x7b\x66\
\x69\x6c\x6c\x3a\x23\x66\x66\x66\x66\x66\x66\x3b\x7d\x0a\x3c\x2f\
\x73\x74\x79\x6c\x65\x3e\x0a\x3c\x70\x61\x74\x68\x20\x63\x6c\x61\
\x73\x73\x3d\x22\x6c\x69\x6e\x65\x73\x61\x6e\x64\x61\x6e\x67\x6c\
\x65\x73\x5f\x65\x65\x6e\x22\x20\x64\x3d\x22\x4d\x32\x37\x2e\x35\
\x32\x32\x2c\x32\x36\x2e\x39\x33\x36\x43\x32\x38\x2e\x34\x34\x2c\
\x32\x35\x2e\x38\x38\x32\x2c\x32\x39\x2c\x32\x34\x2e\x35\x30\x38\
\x2c\x32\x39\x2c\x32\x33\x63\x30\x2d\x33\x2e\x33\x31\x34\x2d\x32\
\x2e\x36\x38\x36\x2d\x36\x2d\x36\x2d\x36\x20\x20\x63\x2d\x30\x2e\
\x34\x38\x35\x2c\x30\x2d\x30\x2e\x39\x35\x31\x2c\x30\x2e\x30\x37\
\x34\x2d\x31\x2e\x34\x30\x33\x2c\x30\x2e\x31\x38\x33\x6c\x2d\x36\
\x2e\x37\x37\x39\x2d\x36\x2e\x37\x37\x39\x43\x31\x34\x2e\x39\x32\
\x36\x2c\x39\x2e\x39\x35\x31\x2c\x31\x35\x2c\x39\x2e\x34\x38\x35\
\x2c\x31\x35\x2c\x39\x63\x30\x2d\x33\x2e\x33\x31\x34\x2d\x32\x2e\
\x36\x38\x36\x2d\x36\x2d\x36\x2d\x36\x43\x37\x2e\x34\x39\x32\x2c\
\x33\x2c\x36\x2e\x31\x31\x38\x2c\x33\x2e\x35\x36\x2c\x35\x2e\x30\
\x36\x34\x2c\x34\x2e\x34\x37\x38\x20\x20\x4c\x38\x2e\x35\x38\x36\
\x2c\x38\x4c\x38\x2c\x38\x2e\x35\x38\x36\x4c\x34\x2e\x34\x37\x38\
\x2c\x35\x2e\x30\x36\x34\x43\x33\x2e\x35\x36\x2c\x36\x2e\x31\x31\
\x38\x2c\x33\x2c\x37\x2e\x34\x39\x32\x2c\x33\x2c\x39\x63\x30\x2c\
\x33\x2e\x33\x31\x34\x2c\x32\x2e\x36\x38\x36\x2c\x36\x2c\x36\x2c\
\x36\x63\x30\x2e\x34\x38\x35\x2c\x30\x2c\x30\x2e\x39\x35\x31\x2d\
\x30\x2e\x30\x37\x34\x2c\x31\x2e\x34\x30\x33\x2d\x30\x2e\x31\x38\
\x33\x6c\x36\x2e\x37\x37\x39\x2c\x36\x2e\x37\x37\x39\x20\x20\x43\
\x31\x37\x2e\x30\x37\x34\x2c\x32\x32\x2e\x30\x34\x39\x2c\x31\x37\
\x2c\x32\x32\x2e\x35\x31\x35\x2c\x31\x37\x2c\x32\x33\x63\x30\x2c\
\x33\x2e\x33\x31\x34\x2c\x32\x2e\x36\x38\x36\x2c\x36\x2c\x36\x2c\
\x36\x63\x31\x2e\x35\x30\x38\x2c\x30\x2c\x32\x2e\x38\x38\x32\x2d\
\x30\x2e\x35\x36\x2c\x33\x2e\x39\x33\x36\x2d\x31\x2e\x34\x37\x38\
\x4c\x32\x33\x2e\x34\x31\x34\x2c\x32\x34\x4c\x32\x34\x2c\x32\x33\
\x2e\x34\x31\x34\x4c\x32\x37\x2e\x35\x32\x32\x2c\x32\x36\x2e\x39\
\x33\x36\x7a\x20\x20\x20\x4d\x32\x33\x2e\x35\x33\x37\x2c\x32\x36\
\x2e\x39\x35\x31\x43\x32\x33\x2e\x33\x36\x31\x2c\x32\x36\x2e\x39\
\x37\x36\x2c\x32\x33\x2e\x31\x38\x34\x2c\x32\x37\x2c\x32\x33\x2c\
\x32\x37\x63\x2d\x32\x2e\x32\x30\x36\x2c\x30\x2d\x34\x2d\x31\x2e\
\x37\x39\x34\x2d\x34\x2d\x34\x63\x30\x2d\x30\x2e\x36\x39\x34\x2c\
\x30\x2e\x31\x39\x34\x2d\x31\x2e\x33\x33\x38\x2c\x30\x2e\x35\x30\
\x36\x2d\x31\x2e\x39\x30\x38\x6c\x2d\x38\x2e\x35\x39\x39\x2d\x38\
\x2e\x35\x39\x39\x20\x20\x43\x31\x30\x2e\x33\x33\x38\x2c\x31\x32\
\x2e\x38\x30\x36\x2c\x39\x2e\x36\x39\x34\x2c\x31\x33\x2c\x39\x2c\
\x31\x33\x63\x2d\x32\x2e\x32\x30\x36\x2c\x30\x2d\x34\x2d\x31\x2e\
\x37\x39\x34\x2d\x34\x2d\x34\x63\x30\x2d\x30\x2e\x31\x38\x34\x2c\
\x30\x2e\x30\x32\x34\x2d\x30\x2e\x33\x36\x31\x2c\x30\x2e\x30\x34\
\x39\x2d\x30\x2e\x35\x33\x37\x4c\x38\x2c\x31\x31\x2e\x34\x31\x34\
\x4c\x31\x31\x2e\x34\x31\x34\x2c\x38\x4c\x38\x2e\x34\x36\x33\x2c\
\x35\x2e\x30\x34\x39\x20\x20\x43\x38\x2e\x36\x33\x39\x2c\x35\x2e\
\x30\x32\x34\x2c\x38\x2e\x38\x31\x36\x2c\x35\x2c\x39\x2c\x35\x63\
\x32\x2e\x32\x30\x36\x2c\x30\x2c\x34\x2c\x31\x2e\x37\x39\x34\x2c\
\x34\x2c\x34\x63\x30\x2c\x30\x2e\x36\x39\x34\x2d\x30\x2e\x31\x39\
\x34\x2c\x31\x2e\x33\x33\x38\x2d\x30\x2e\x35\x30\x36\x2c\x31\x2e\
\x39\x30\x38\x6c\x38\x2e\x35\x39\x39\x2c\x38\x2e\x35\x39\x39\x43\
\x32\x31\x2e\x36\x36\x32\x2c\x31\x39\x2e\x31\x39\x34\x2c\x32\x32\
\x2e\x33\x30\x36\x2c\x31\x39\x2c\x32\x33\x2c\x31\x39\x20\x20\x63\
\x32\x2e\x32\x30\x36\x2c\x30\x2c\x34\x2c\x31\x2e\x37\x39\x34\x2c\
\x34\x2c\x34\x63\x30\x2c\x30\x2e\x31\x38\x34\x2d\x30\x2e\x30\x32\
\x34\x2c\x30\x2e\x33\x36\x31\x2d\x30\x2e\x30\x34\x39\x2c\x30\x2e\
\x35\x33\x37\x4c\x32\x34\x2c\x32\x30\x2e\x35\x38\x36\x4c\x32\x30\
\x2e\x35\x38\x36\x2c\x32\x34\x4c\x32\x33\x2e\x35\x33\x37\x2c\x32\
\x36\x2e\x39\x35\x31\x7a\x22\x20\x66\x69\x6c\x6c\x3d\x22\x23\x66\
\x66\x66\x66\x66\x66\x22\x2f\x3e\x0a\x3c\x2f\x73\x76\x67\x3e\
\x00\x00\x04\x84\
\x3c\
\x73\x76\x67\x20\x78\x6d\x6c\x6e\x73\x3d\x22\x68\x74\x74\x70\x3a\
\x2f\x2f\x77\x77\x77\x2e\x77\x33\x2e\x6f\x72\x67\x2f\x32\x30\x30\
\x30\x2f\x73\x76\x67\x22\x20\x78\x6d\x6c\x6e\x73\x3a\x78\x6c\x69\
\x6e\x6b\x3d\x22\x68\x74\x74\x70\x3a\x2f\x2f\x77\x77\x77\x2e\x77\
\x33\x2e\x6f\x72\x67\x2f\x31\x39\x39\x39\x2f\x78\x6c\x69\x6e\x6b\
\x22\x20\x76\x65\x72\x73\x69\x6f\x6e\x3d\x22\x31\x2e\x31\x22\x20\
\x69\x64\x3d\x22\x4c\x61\x79\x65\x72\x5f\x31\x22\x20\x77\x69\x64\
\x74\x68\x3d\x22\x38\x30\x30\x70\x78\x22\x20\x68\x65\x69\x67\x68\
\x74\x3d\x22\x38\x30\x30\x70\x78\x22\x20\x76\x69\x65\x77\x42\x6f\
\x78\x3d\x22\x2d\x33\x20\x2d\x33\x20\x37\x30\x20\x37\x30\x22\x20\
\x65\x6e\x61\x62\x6c\x65\x2d\x62\x61\x63\x6b\x67\x72\x6f\x75\x6e\
\x64\x3d\x22\x6e\x65\x77\x20\x30\x20\x30\x20\x36\x34\x20\x36\x34\
\x22\x20\x78\x6d\x6c\x3a\x73\x70\x61\x63\x65\x3d\x22\x70\x72\x65\
\x73\x65\x72\x76\x65\x22\x3e\x3c\x67\x20\x69\x64\x3d\x22\x64\x65\
\x65\x64\x69\x74\x6f\x72\x5f\x62\x67\x43\x61\x72\x72\x69\x65\x72\
\x22\x20\x73\x74\x72\x6f\x6b\x65\x2d\x77\x69\x64\x74\x68\x3d\x22\
\x30\x22\x3e\x0a\x20\x20\x20\x20\x3c\x72\x65\x63\x74\x20\x69\x64\
\x3d\x22\x64\x65\x65\x5f\x63\x5f\x65\x22\x20\x78\x3d\x22\x2d\x33\
\x22\x20\x79\x3d\x22\x2d\x33\x22\x20\x77\x69\x64\x74\x68\x3d\x22\
\x37\x30\x22\x20\x68\x65\x69\x67\x68\x74\x3d\x22\x37\x30\x22\x20\
\x72\x78\x3d\x22\x30\x22\x20\x66\x69\x6c\x6c\x3d\x22\x23\x33\x66\
\x39\x63\x64\x35\x22\x20\x73\x74\x72\x6f\x6b\x65\x77\x69\x64\x74\
\x68\x3d\x22\x30\x22\x2f\x3e\x0a\x20\x20\x3c\x2f\x67\x3e\x0a\x3c\
\x70\x61\x74\x68\x20\x66\x69\x6c\x6c\x3d\x22\x6e\x6f\x6e\x65\x22\
\x20\x73\x74\x72\x6f\x6b\x65\x3d\x22\x23\x66\x66\x66\x66\x66\x66\
\x22\x20\x73\x74\x72\x6f\x6b\x65\x2d\x77\x69\x64\x74\x68\x3d\x22\
\x32\x22\x20\x73\x74\x72\x6f\x6b\x65\x2d\x6d\x69\x74\x65\x72\x6c\
\x69\x6d\x69\x74\x3d\x22\x31\x30\x22\x20\x64\x3d\x22\x4d\x35\x35\
\x2c\x34\x30\x63\x34\x2e\x35\x36\x35\x2c\x30\x2c\x38\x2d\x33\x2e\
\x34\x33\x35\x2c\x38\x2d\x38\x63\x30\x2d\x34\x2e\x35\x36\x35\x2d\
\x33\x2e\x34\x33\x35\x2d\x39\x2d\x38\x2d\x39\x20\x20\x63\x30\x2d\
\x31\x31\x2e\x34\x31\x34\x2d\x39\x2e\x35\x38\x36\x2d\x32\x30\x2d\
\x32\x31\x2d\x32\x30\x43\x32\x33\x2e\x38\x39\x38\x2c\x33\x2c\x31\
\x34\x2e\x38\x2c\x39\x2e\x34\x32\x33\x2c\x31\x33\x2c\x31\x39\x63\
\x30\x2c\x30\x2d\x31\x2e\x31\x36\x35\x2c\x30\x2d\x32\x2c\x30\x43\
\x35\x2e\x32\x39\x32\x2c\x31\x39\x2c\x31\x2c\x32\x34\x2e\x32\x39\
\x32\x2c\x31\x2c\x33\x30\x73\x34\x2e\x32\x39\x32\x2c\x31\x30\x2c\
\x31\x30\x2c\x31\x30\x48\x35\x35\x7a\x22\x2f\x3e\x0a\x3c\x6c\x69\
\x6e\x65\x20\x66\x69\x6c\x6c\x3d\x22\x6e\x6f\x6e\x65\x22\x20\x73\
\x74\x72\x6f\x6b\x65\x3d\x22\x23\x66\x66\x66\x66\x66\x66\x22\x20\
\x73\x74\x72\x6f\x6b\x65\x2d\x77\x69\x64\x74\x68\x3d\x22\x32\x22\
\x20\x73\x74\x72\x6f\x6b\x65\x2d\x6d\x69\x74\x65\x72\x6c\x69\x6d\
\x69\x74\x3d\x22\x31\x30\x22\x20\x78\x31\x3d\x22\x32\x33\x22\x20\
\x79\x31\x3d\x22\x34\x36\x22\x20\x78\x32\x3d\x22\x31\x35\x22\x20\
\x79\x32\x3d\x22\x36\x30\x22\x2f\x3e\x0a\x3c\x6c\x69\x6e\x65\x20\
\x66\x69\x6c\x6c\x3d\x22\x6e\x6f\x6e\x65\x22\x20\x73\x74\x72\x6f\
\x6b\x65\x3d\x22\x23\x66\x66\x66\x66\x66\x66\x22\x20\x73\x74\x72\
\x6f\x6b\x65\x2d\x77\x69\x64\x74\x68\x3d\x22\x32\x22\x20\x73\x74\
\x72\x6f\x6b\x65\x2d\x6d\x69\x74\x65\x72\x6c\x69\x6d\x69\x74\x3d\
\x22\x31\x30\x22\x20\x78\x31\x3d\x22\x31\x33\x22\x20\x79\x31\x3d\
\x22\x34\x36\x22\x20\x78\x32\x3d\x22\x35\x22\x20\x79\x32\x3d\x22\
\x36\x30\x22\x2f\x3e\x0a\x3c\x6c\x69\x6e\x65\x20\x66\x69\x6c\x6c\
\x3d\x22\x6e\x6f\x6e\x65\x22\x20\x73\x74\x72\x6f\x6b\x65\x3d\x22\
\x23\x66\x66\x66\x66\x66\x66\x22\x20\x73\x74\x72\x6f\x6b\x65\x2d\
\x77\x69\x64\x74\x68\x3d\x22\x32\x22\x20\x73\x74\x72\x6f\x6b\x65\
\x2d\x6d\x69\x74\x65\x72\x6c\x69\x6d\x69\x74\x3d\x22\x31\x30\x22\
\x20\x78\x31\x3d\x22\x33\x33\x22\x20\x79\x31\x3d\x22\x34\x36\x22\
\x20\x78\x32\x3d\x22\x32\x35\x22\x20\x79\x32\x3d\x22\x36\x30\x22\
\x2f\x3e\x0a\x3c\x6c\x69\x6e\x65\x20\x66\x69\x6c\x6c\x3d\x22\x6e\
\x6f\x6e\x65\x22\x20\x73\x74\x72\x6f\x6b\x65\x3d\x22\x23\x66\x66\
\x66\x66\x66\x66\x22\x20\x73\x74\x72\x6f\x6b\x65\x2d\x77\x69\x64\
\x74\x68\x3d\x22\x32\x22\x20\x73\x74\x72\x6f\x6b\x65\x2d\x6d\x69\
\x74\x65\x72\x6c\x69\x6d\x69\x74\x3d\x22\x31\x30\x22\x20\x78\x31\
\x3d\x22\x34\x33\x22\x20\x79\x31\x3d\x22\x34\x36\x22\x20\x78\x32\
\x3d\x22\x33\x35\x22\x20\x79\x32\x3d\x22\x36\x30\x22\x2f\x3e\x0a\
\x3c\x6c\x69\x6e\x65\x20\x66\x69\x6c\x6c\x3d\x22\x6e\x6f\x6e\x65\
\x22\x20\x73\x74\x72\x6f\x6b\x65\x3d\x22\x23\x66\x66\x66\x66\x66\
\x66\x22\x20\x73\x74\x72\x6f\x6b\x65\x2d\x77\x69\x64\x74\x68\x3d\
\x22\x32\x22\x20\x73\x74\x72\x6f\x6b\x65\x2d\x6d\x69\x74\x65\x72\
\x6c\x69\x6d\x69\x74\x3d\x22\x31\x30\x22\x20\x78\x31\x3d\x22\x35\
\x33\x22\x20\x79\x31\x3d\x22\x34\x36\x22\x20\x78\x32\x3d\x22\x34\
\x35\x22\x20\x79\x32\x3d\x22\x36\x30\x22\x2f\x3e\x0a\x3c\x2f\x73\
\x76\x67\x3e\
\x00\x00\x05\xfa\
\x3c\
\x73\x76\x67\x20\x78\x6d\x6c\x6e\x73\x3d\x22\x68\x74\x74\x70\x3a\
\x2f\x2f\x77\x77\x77\x2e\x77\x33\x2e\x6f\x72\x67\x2f\x32\x30\x30\
\x30\x2f\x73\x76\x67\x22\x20\x77\x69\x64\x74\x68\x3d\x22\x38\x30\
\x30\x70\x78\x22\x20\x68\x65\x69\x67\x68\x74\x3d\x22\x38\x30\x30\
\x70\x78\x22\x20\x76\x69\x65\x77\x42\x6f\x78\x3d\x22\x2d\x33\x20\
\x2d\x33\x20\x33\x30\x20\x33\x30\x22\x20\x66\x69\x6c\x6c\x3d\x22\
\x6e\x6f\x6e\x65\x22\x3e\x3c\x67\x20\x69\x64\x3d\x22\x64\x65\x65\
\x64\x69\x74\x6f\x72\x5f\x62\x67\x43\x61\x72\x72\x69\x65\x72\x22\
\x20\x73\x74\x72\x6f\x6b\x65\x2d\x77\x69\x64\x74\x68\x3d\x22\x30\
\x22\x3e\x0a\x20\x20\x20\x20\x3c\x72\x65\x63\x74\x20\x69\x64\x3d\
\x22\x64\x65\x65\x5f\x63\x5f\x65\x22\x20\x78\x3d\x22\x2d\x33\x22\
\x20\x79\x3d\x22\x2d\x33\x22\x20\x77\x69\x64\x74\x68\x3d\x22\x33\
\x30\x22\x20\x68\x65\x69\x67\x68\x74\x3d\x22\x33\x30\x22\x20\x72\
\x78\x3d\x22\x30\x22\x20\x66\x69\x6c\x6c\x3d\x22\x23\x33\x66\x39\
\x63\x64\x35\x22\x20\x73\x74\x72\x6f\x6b\x65\x77\x69\x64\x74\x68\
\x3d\x22\x30\x22\x2f\x3e\x0a\x20\x20\x3c\x2f\x67\x3e\x0a\x3c\x70\
\x61\x74\x68\x20\x64\x3d\x22\x4d\x37\x20\x35\x43\x37\x20\x36\x2e\
\x31\x30\x34\x35\x37\x20\x36\x2e\x31\x30\x34\x35\x37\x20\x37\x20\
\x35\x20\x37\x43\x33\x2e\x38\x39\x35\x34\x33\x20\x37\x20\x33\x20\
\x36\x2e\x31\x30\x34\x35\x37\x20\x33\x20\x35\x43\x33\x20\x33\x2e\
\x38\x39\x35\x34\x33\x20\x33\x2e\x38\x39\x35\x34\x33\x20\x33\x20\
\x35\x20\x33\x43\x36\x2e\x31\x30\x34\x35\x37\x20\x33\x20\x37\x20\
\x33\x2e\x38\x39\x35\x34\x33\x20\x37\x20\x35\x5a\x22\x20\x66\x69\
\x6c\x6c\x3d\x22\x23\x66\x66\x66\x66\x66\x66\x22\x2f\x3e\x0a\x3c\
\x70\x61\x74\x68\x20\x64\x3d\x22\x4d\x31\x34\x20\x35\x43\x31\x34\
\x20\x36\x2e\x31\x30\x34\x35\x37\x20\x31\x33\x2e\x31\x30\x34\x36\
\x20\x37\x20\x31\x32\x20\x37\x43\x31\x30\x2e\x38\x39\x35\x34\x20\
\x37\x20\x31\x30\x20\x36\x2e\x31\x30\x34\x35\x37\x20\x31\x30\x20\
\x35\x43\x31\x30\x20\x33\x2e\x38\x39\x35\x34\x33\x20\x31\x30\x2e\
\x38\x39\x35\x34\x20\x33\x20\x31\x32\x20\x33\x43\x31\x33\x2e\x31\
\x30\x34\x36\x20\x33\x20\x31\x34\x20\x33\x2e\x38\x39\x35\x34\x33\
\x20\x31\x34\x20\x35\x5a\x22\x20\x66\x69\x6c\x6c\x3d\x22\x23\x66\
\x66\x66\x66\x66\x66\x22\x2f\x3e\x0a\x3c\x70\x61\x74\x68\x20\x64\
\x3d\x22\x4d\x31\x39\x20\x37\x43\x32\x30\x2e\x31\x30\x34\x36\x20\
\x37\x20\x32\x31\x20\x36\x2e\x31\x30\x34\x35\x37\x20\x32\x31\x20\
\x35\x43\x32\x31\x20\x33\x2e\x38\x39\x35\x34\x33\x20\x32\x30\x2e\
\x31\x30\x34\x36\x20\x33\x20\x31\x39\x20\x33\x43\x31\x37\x2e\x38\
\x39\x35\x34\x20\x33\x20\x31\x37\x20\x33\x2e\x38\x39\x35\x34\x33\
\x20\x31\x37\x20\x35\x43\x31\x37\x20\x36\x2e\x31\x30\x34\x35\x37\
\x20\x31\x37\x2e\x38\x39\x35\x34\x20\x37\x20\x31\x39\x20\x37\x5a\
\x22\x20\x66\x69\x6c\x6c\x3d\x22\x23\x66\x66\x66\x66\x66\x66\x22\
\x2f\x3e\x0a\x3c\x70\x61\x74\x68\x20\x64\x3d\x22\x4d\x37\x20\x31\
\x32\x43\x37\x20\x31\x33\x2e\x31\x30\x34\x36\x20\x36\x2e\x31\x30\
\x34\x35\x37\x20\x31\x34\x20\x35\x20\x31\x34\x43\x33\x2e\x38\x39\
\x35\x34\x33\x20\x31\x34\x20\x33\x20\x31\x33\x2e\x31\x30\x34\x36\
\x20\x33\x20\x31\x32\x43\x33\x20\x31\x30\x2e\x38\x39\x35\x34\x20\
\x33\x2e\x38\x39\x35\x34\x33\x20\x31\x30\x20\x35\x20\x31\x30\x43\
\x36\x2e\x31\x30\x34\x35\x37\x20\x31\x30\x20\x37\x20\x31\x30\x2e\
\x38\x39\x35\x34\x20\x37\x20\x31\x32\x5a\x22\x20\x66\x69\x6c\x6c\
\x3d\x22\x23\x66\x66\x66\x66\x66\x66\x22\x2f\x3e\x0a\x3c\x70\x61\
\x74\x68\x20\x64\x3d\x22\x4d\x31\x32\x20\x31\x34\x43\x31\x33\x2e\
\x31\x30\x34\x36\x20\x31\x34\x20\x31\x34\x20\x31\x33\x2e\x31\x30\
\x34\x36\x20\x31\x34\x20\x31\x32\x43\x31\x34\x20\x31\x30\x2e\x38\
\x39\x35\x34\x20\x31\x33\x2e\x31\x30\x34\x36\x20\x31\x30\x20\x31\
\x32\x20\x31\x30\x43\x31\x30\x2e\x38\x39\x35\x34\x20\x31\x30\x20\
\x31\x30\x20\x31\x30\x2e\x38\x39\x35\x34\x20\x31\x30\x20\x31\x32\
\x43\x31\x30\x20\x31\x33\x2e\x31\x30\x34\x36\x20\x31\x30\x2e\x38\
\x39\x35\x34\x20\x31\x34\x20\x31\x32\x20\x31\x34\x5a\x22\x20\x66\
\x69\x6c\x6c\x3d\x22\x23\x66\x66\x66\x66\x66\x66\x22\x2f\x3e\x0a\
\x3c\x70\x61\x74\x68\x20\x64\x3d\x22\x4d\x32\x31\x20\x31\x32\x43\
\x32\x31\x20\x31\x33\x2e\x31\x30\x34\x36\x20\x32\x30\x2e\x31\x30\
\x34\x36\x20\x31\x34\x20\x31\x39\x20\x31\x34\x43\x31\x37\x2e\x38\
\x39\x35\x34\x20\x31\x34\x20\x31\x37\x20\x31\x33\x2e\x31\x30\x34\
\x36\x20\x31\x37\x20\x31\x32\x43\x31\x37\x20\x31\x30\x2e\x38\x39\
\x35\x34\x20\x31\x37\x2e\x38\x39\x35\x34\x20\x31\x30\x20\x31\x39\
\x20\x31\x30\x43\x32\x30\x2e\x31\x30\x34\x36\x20\x31\x30\x20\x32\
\x31\x20\x31\x30\x2e\x38\x39\x35\x34\x20\x32\x31\x20\x31\x32\x5a\
\x22\x20\x66\x69\x6c\x6c\x3d\x22\x23\x66\x66\x66\x66\x66\x66\x22\
\x2f\x3e\x0a\x3c\x70\x61\x74\x68\x20\x64\x3d\x22\x4d\x35\x20\x32\
\x31\x43\x36\x2e\x31\x30\x34\x35\x37\x20\x32\x31\x20\x37\x20\x32\
\x30\x2e\x31\x30\x34\x36\x20\x37\x20\x31\x39\x43\x37\x20\x31\x37\
\x2e\x38\x39\x35\x34\x20\x36\x2e\x31\x30\x34\x35\x37\x20\x31\x37\
\x20\x35\x20\x31\x37\x43\x33\x2e\x38\x39\x35\x34\x33\x20\x31\x37\
\x20\x33\x20\x31\x37\x2e\x38\x39\x35\x34\x20\x33\x20\x31\x39\x43\
\x33\x20\x32\x30\x2e\x31\x30\x34\x36\x20\x33\x2e\x38\x39\x35\x34\
\x33\x20\x32\x31\x20\x35\x20\x32\x31\x5a\x22\x20\x66\x69\x6c\x6c\
\x3d\x22\x23\x66\x66\x66\x66\x66\x66\x22\x2f\x3e\x0a\x3c\x70\x61\
\x74\x68\x20\x64\x3d\x22\x4d\x31\x34\x20\x31\x39\x43\x31\x34\x20\
\x32\x30\x2e\x31\x30\x34\x36\x20\x31\x33\x2e\x31\x30\x34\x36\x20\
\x32\x31\x20\x31\x32\x20\x32\x31\x43\x31\x30\x2e\x38\x39\x35\x34\
\x20\x32\x31\x20\x31\x30\x20\x32\x30\x2e\x31\x30\x34\x36\x20\x31\
\x30\x20\x31\x39\x43\x31\x30\x20\x31\x37\x2e\x38\x39\x35\x34\x20\
\x31\x30\x2e\x38\x39\x35\x34\x20\x31\x37\x20\x31\x32\x20\x31\x37\
\x43\x31\x33\x2e\x31\x30\x34\x36\x20\x31\x37\x20\x31\x34\x20\x31\
\x37\x2e\x38\x39\x35\x34\x20\x31\x34\x20\x31\x39\x5a\x22\x20\x66\
\x69\x6c\x6c\x3d\x22\x23\x66\x66\x66\x66\x66\x66\x22\x2f\x3e\x0a\
\x3c\x70\x61\x74\x68\x20\x64\x3d\x22\x4d\x31\x39\x20\x32\x31\x43\
\x32\x30\x2e\x31\x30\x34\x36\x20\x32\x31\x20\x32\x31\x20\x32\x30\
\x2e\x31\x30\x34\x36\x20\x32\x31\x20\x31\x39\x43\x32\x31\x20\x31\
\x37\x2e\x38\x39\x35\x34\x20\x32\x30\x2e\x31\x30\x34\x36\x20\x31\
\x37\x20\x31\x39\x20\x31\x37\x43\x31\x37\x2e\x38\x39\x35\x34\x20\
\x31\x37\x20\x31\x37\x20\x31\x37\x2e\x38\x39\x35\x34\x20\x31\x37\
\x20\x31\x39\x43\x31\x37\x20\x32\x30\x2e\x31\x30\x34\x36\x20\x31\
\x37\x2e\x38\x39\x35\x34\x20\x32\x31\x20\x31\x39\x20\x32\x31\x5a\
\x22\x20\x66\x69\x6c\x6c\x3d\x22\x23\x66\x66\x66\x66\x66\x66\x22\
\x2f\x3e\x0a\x3c\x2f\x73\x76\x67\x3e\
\x00\x00\x02\x99\
\x3c\
\x73\x76\x67\x20\x78\x6d\x6c\x6e\x73\x3d\x22\x68\x74\x74\x70\x3a\
\x2f\x2f\x77\x77\x77\x2e\x77\x33\x2e\x6f\x72\x67\x2f\x32\x30\x30\
\x30\x2f\x73\x76\x67\x22\x20\x77\x69\x64\x74\x68\x3d\x22\x38\x30\
\x30\x70\x78\x22\x20\x68\x65\x69\x67\x68\x74\x3d\x22\x38\x30\x30\
\x70\x78\x22\x20\x76\x69\x65\x77\x42\x6f\x78\x3d\x22\x2d\x33\x20\
\x2d\x33\x20\x35\x34\x20\x35\x34\x22\x20\x69\x64\x3d\x22\x61\x22\
\x3e\x3c\x67\x20\x69\x64\x3d\x22\x64\x65\x65\x64\x69\x74\x6f\x72\
\x5f\x62\x67\x43\x61\x72\x72\x69\x65\x72\x22\x20\x73\x74\x72\x6f\
\x6b\x65\x2d\x77\x69\x64\x74\x68\x3d\x22\x30\x22\x3e\x0a\x20\x20\
\x20\x20\x3c\x72\x65\x63\x74\x20\x69\x64\x3d\x22\x64\x65\x65\x5f\
\x63\x5f\x65\x22\x20\x78\x3d\x22\x2d\x33\x22\x20\x79\x3d\x22\x2d\
\x33\x22\x20\x77\x69\x64\x74\x68\x3d\x22\x35\x34\x22\x20\x68\x65\
\x69\x67\x68\x74\x3d\x22\x35\x34\x22\x20\x72\x78\x3d\x22\x30\x22\
\x20\x66\x69\x6c\x6c\x3d\x22\x23\x33\x66\x39\x63\x64\x35\x22\x20\
\x73\x74\x72\x6f\x6b\x65\x77\x69\x64\x74\x68\x3d\x22\x30\x22\x2f\
\x3e\x0a\x20\x20\x3c\x2f\x67\x3e\x3c\x64\x65\x66\x73\x20\x66\x69\
\x6c\x6c\x3d\x22\x23\x66\x66\x66\x66\x66\x66\x22\x3e\x3c\x73\x74\
\x79\x6c\x65\x3e\x2e\x62\x7b\x66\x69\x6c\x6c\x3a\x23\x66\x66\x66\
\x66\x66\x66\x3b\x7d\x2e\x63\x7b\x66\x69\x6c\x6c\x3a\x6e\x6f\x6e\
\x65\x3b\x73\x74\x72\x6f\x6b\x65\x3a\x23\x66\x66\x66\x66\x66\x66\
\x3b\x73\x74\x72\x6f\x6b\x65\x2d\x6c\x69\x6e\x65\x63\x61\x70\x3a\
\x72\x6f\x75\x6e\x64\x3b\x73\x74\x72\x6f\x6b\x65\x2d\x6c\x69\x6e\
\x65\x6a\x6f\x69\x6e\x3a\x72\x6f\x75\x6e\x64\x3b\x7d\x3c\x2f\x73\
\x74\x79\x6c\x65\x3e\x3c\x2f\x64\x65\x66\x73\x3e\x3c\x70\x61\x74\
\x68\x20\x63\x6c\x61\x73\x73\x3d\x22\x63\x22\x20\x64\x3d\x22\x4d\
\x31\x33\x2e\x38\x35\x37\x31\x2c\x31\x35\x2e\x31\x33\x36\x34\x68\
\x32\x30\x2e\x32\x38\x35\x37\x22\x20\x66\x69\x6c\x6c\x3d\x22\x23\
\x66\x66\x66\x66\x66\x66\x22\x2f\x3e\x3c\x70\x61\x74\x68\x20\x63\
\x6c\x61\x73\x73\x3d\x22\x63\x22\x20\x64\x3d\x22\x4d\x32\x38\x2e\
\x30\x35\x31\x39\x2c\x38\x2e\x35\x35\x31\x39\x63\x30\x2d\x32\x2e\
\x32\x33\x37\x38\x2d\x31\x2e\x38\x31\x34\x31\x2d\x34\x2e\x30\x35\
\x31\x39\x2d\x34\x2e\x30\x35\x31\x39\x2d\x34\x2e\x30\x35\x31\x39\
\x73\x2d\x34\x2e\x30\x35\x31\x39\x2c\x31\x2e\x38\x31\x34\x31\x2d\
\x34\x2e\x30\x35\x31\x39\x2c\x34\x2e\x30\x35\x31\x39\x48\x39\x2e\
\x32\x39\x38\x37\x56\x34\x33\x2e\x35\x68\x32\x39\x2e\x34\x30\x32\
\x36\x56\x38\x2e\x35\x35\x31\x39\x68\x2d\x31\x30\x2e\x36\x34\x39\
\x34\x5a\x22\x20\x66\x69\x6c\x6c\x3d\x22\x23\x66\x66\x66\x66\x66\
\x66\x22\x2f\x3e\x3c\x63\x69\x72\x63\x6c\x65\x20\x63\x6c\x61\x73\
\x73\x3d\x22\x62\x22\x20\x63\x78\x3d\x22\x32\x34\x22\x20\x63\x79\
\x3d\x22\x38\x2e\x35\x35\x31\x39\x22\x20\x72\x3d\x22\x2e\x37\x35\
\x22\x20\x66\x69\x6c\x6c\x3d\x22\x23\x66\x66\x66\x66\x66\x66\x22\
\x2f\x3e\x3c\x2f\x73\x76\x67\x3e\
\x00\x00\x02\x99\
\x3c\
\x73\x76\x67\x20\x78\x6d\x6c\x6e\x73\x3d\x22\x68\x74\x74\x70\x3a\
\x2f\x2f\x77\x77\x77\x2e\x77\x33\x2e\x6f\x72\x67\x2f\x32\x30\x30\
\x30\x2f\x73\x76\x67\x22\x20\x77\x69\x64\x74\x68\x3d\x22\x38\x30\
\x30\x70\x78\x22\x20\x68\x65\x69\x67\x68\x74\x3d\x22\x38\x30\x30\
\x70\x78\x22\x20\x76\x69\x65\x77\x42\x6f\x78\x3d\x22\x2d\x33\x20\
\x2d\x33\x20\x35\x34\x20\x35\x34\x22\x20\x69\x64\x3d\x22\x61\x22\
\x3e\x3c\x67\x20\x69\x64\x3d\x22\x64\x65\x65\x64\x69\x74\x6f\x72\
\x5f\x62\x67\x43\x61\x72\x72\x69\x65\x72\x22\x20\x73\x74\x72\x6f\
\x6b\x65\x2d\x77\x69\x64\x74\x68\x3d\x22\x30\x22\x3e\x0a\x20\x20\
\x20\x20\x3c\x72\x65\x63\x74\x20\x69\x64\x3d\x22\x64\x65\x65\x5f\
\x63\x5f\x65\x22\x20\x78\x3d\x22\x2d\x33\x22\x20\x79\x3d\x22\x2d\
\x33\x22\x20\x77\x69\x64\x74\x68\x3d\x22\x35\x34\x22\x20\x68\x65\
\x69\x67\x68\x74\x3d\x22\x35\x34\x22\x20\x72\x78\x3d\x22\x30\x22\
\x20\x66\x69\x6c\x6c\x3d\x22\x23\x34\x31\x34\x65\x36\x31\x22\x20\
\x73\x74\x72\x6f\x6b\x65\x77\x69\x64\x74\x68\x3d\x22\x30\x22\x2f\
\x3e\x0a\x20\x20\x3c\x2f\x67\x3e\x3c\x64\x65\x66\x73\x20\x66\x69\
\x6c\x6c\x3d\x22\x23\x66\x66\x66\x66\x66\x66\x22\x3e\x3c\x73\x74\
\x79\x6c\x65\x3e\x2e\x62\x7b\x66\x69\x6c\x6c\x3a\x23\x66\x66\x66\
\x66\x66\x66\x3b\x7d\x2e\x63\x7b\x66\x69\x6c\x6c\x3a\x6e\x6f\x6e\
\x65\x3b\x73\x74\x72\x6f\x6b\x65\x3a\x23\x66\x66\x66\x66\x66\x66\
\x3b\x73\x74\x72\x6f\x6b\x65\x2d\x6c\x69\x6e\x65\x63\x61\x70\x3a\
\x72\x6f\x75\x6e\x64\x3b\x73\x74\x72\x6f\x6b\x65\x2d\x6c\x69\x6e\
\x65\x6a\x6f\x69\x6e\x3a\x72\x6f\x75\x6e\x64\x3b\x7d\x3c\x2f\x73\
\x74\x79\x6c\x65\x3e\x3c\x2f\x64\x65\x66\x73\x3e\x3c\x70\x61\x74\
\x68\x20\x63\x6c\x61\x73\x73\x3d\x22\x63\x22\x20\x64\x3d\x22\x4d\
\x31\x33\x2e\x38\x35\x37\x31\x2c\x31\x35\x2e\x31\x33\x36\x34\x68\
\x32\x30\x2e\x32\x38\x35\x37\x22\x20\x66\x69\x6c\x6c\x3d\x22\x23\
\x66\x66\x66\x66\x66\x66\x22\x2f\x3e\x3c\x70\x61\x74\x68\x20\x63\
\x6c\x61\x73\x73\x3d\x22\x63\x22\x20\x64\x3d\x22\x4d\x32\x38\x2e\
\x30\x35\x31\x39\x2c\x38\x2e\x35\x35\x31\x39\x63\x30\x2d\x32\x2e\
\x32\x33\x37\x38\x2d\x31\x2e\x38\x31\x34\x31\x2d\x34\x2e\x30\x35\
\x31\x39\x2d\x34\x2e\x30\x35\x31\x39\x2d\x34\x2e\x30\x35\x31\x39\
\x73\x2d\x34\x2e\x30\x35\x31\x39\x2c\x31\x2e\x38\x31\x34\x31\x2d\
\x34\x2e\x30\x35\x31\x39\x2c\x34\x2e\x30\x35\x31\x39\x48\x39\x2e\
\x32\x39\x38\x37\x56\x34\x33\x2e\x35\x68\x32\x39\x2e\x34\x30\x32\
\x36\x56\x38\x2e\x35\x35\x31\x39\x68\x2d\x31\x30\x2e\x36\x34\x39\
\x34\x5a\x22\x20\x66\x69\x6c\x6c\x3d\x22\x23\x66\x66\x66\x66\x66\
\x66\x22\x2f\x3e\x3c\x63\x69\x72\x63\x6c\x65\x20\x63\x6c\x61\x73\
\x73\x3d\x22\x62\x22\x20\x63\x78\x3d\x22\x32\x34\x22\x20\x63\x79\
\x3d\x22\x38\x2e\x35\x35\x31\x39\x22\x20\x72\x3d\x22\x2e\x37\x35\
\x22\x20\x66\x69\x6c\x6c\x3d\x22\x23\x66\x66\x66\x66\x66\x66\x22\
\x2f\x3e\x3c\x2f\x73\x76\x67\x3e\
\x00\x00\x0c\x2e\
\x3c\
\x3f\x78\x6d\x6c\x20\x76\x65\x72\x73\x69\x6f\x6e\x3d\x22\x31\x2e\
\x30\x22\x20\x65\x6e\x63\x6f\x64\x69\x6e\x67\x3d\x22\x55\x54\x46\
\x2d\x38\x22\x20\x73\x74\x61\x6e\x64\x61\x6c\x6f\x6e\x65\x3d\x22\
\x6e\x6f\x22\x3f\x3e\x0a\x3c\x21\x2d\x2d\x70\x61\x72\x74\x20\x6f\
\x66\x20\x74\x68\x65\x20\x72\x6f\x64\x65\x6e\x74\x69\x61\x20\x69\
\x63\x6f\x6e\x20\x74\x68\x65\x6d\x65\x20\x62\x79\x20\x73\x69\x78\
\x73\x69\x78\x66\x69\x76\x65\x20\x72\x65\x6c\x65\x61\x73\x65\x64\
\x20\x75\x6e\x64\x65\x72\x20\x43\x43\x30\x20\x28\x68\x74\x74\x70\
\x73\x3a\x2f\x2f\x63\x72\x65\x61\x74\x69\x76\x65\x63\x6f\x6d\x6d\
\x6f\x6e\x73\x2e\x6f\x72\x67\x2f\x70\x75\x62\x6c\x69\x63\x64\x6f\
\x6d\x61\x69\x6e\x2f\x7a\x65\x72\x6f\x2f\x31\x2e\x30\x2f\x29\x20\
\x6f\x6e\x20\x6f\x70\x65\x6e\x63\x6c\x69\x70\x61\x72\x74\x2d\x2d\
\x3e\x0a\x3c\x73\x76\x67\x20\x78\x6d\x6c\x6e\x73\x3d\x22\x68\x74\
\x74\x70\x3a\x2f\x2f\x77\x77\x77\x2e\x77\x33\x2e\x6f\x72\x67\x2f\
\x32\x30\x30\x30\x2f\x73\x76\x67\x22\x20\x78\x6d\x6c\x6e\x73\x3a\
\x78\x6c\x69\x6e\x6b\x3d\x22\x68\x74\x74\x70\x3a\x2f\x2f\x77\x77\
\x77\x2e\x77\x33\x2e\x6f\x72\x67\x2f\x31\x39\x39\x39\x2f\x78\x6c\
\x69\x6e\x6b\x22\x20\x76\x69\x65\x77\x42\x6f\x78\x3d\x22\x30\x20\
\x30\x20\x34\x38\x20\x34\x38\x22\x3e\x0a\x20\x3c\x64\x65\x66\x73\
\x20\x69\x64\x3d\x22\x30\x22\x3e\x0a\x20\x20\x3c\x6c\x69\x6e\x65\
\x61\x72\x47\x72\x61\x64\x69\x65\x6e\x74\x20\x69\x64\x3d\x22\x32\
\x22\x3e\x0a\x20\x20\x20\x3c\x73\x74\x6f\x70\x20\x69\x64\x3d\x22\
\x41\x22\x20\x73\x74\x6f\x70\x2d\x63\x6f\x6c\x6f\x72\x3d\x22\x23\
\x32\x65\x33\x34\x33\x36\x22\x2f\x3e\x0a\x20\x20\x20\x3c\x73\x74\
\x6f\x70\x20\x69\x64\x3d\x22\x42\x22\x20\x6f\x66\x66\x73\x65\x74\
\x3d\x22\x31\x22\x20\x73\x74\x6f\x70\x2d\x63\x6f\x6c\x6f\x72\x3d\
\x22\x23\x32\x65\x33\x34\x33\x36\x22\x20\x73\x74\x6f\x70\x2d\x6f\
\x70\x61\x63\x69\x74\x79\x3d\x22\x30\x22\x2f\x3e\x0a\x20\x20\x3c\
\x2f\x6c\x69\x6e\x65\x61\x72\x47\x72\x61\x64\x69\x65\x6e\x74\x3e\
\x0a\x20\x20\x3c\x6c\x69\x6e\x65\x61\x72\x47\x72\x61\x64\x69\x65\
\x6e\x74\x20\x69\x64\x3d\x22\x33\x22\x3e\x0a\x20\x20\x20\x3c\x73\
\x74\x6f\x70\x20\x69\x64\x3d\x22\x43\x22\x20\x73\x74\x6f\x70\x2d\
\x63\x6f\x6c\x6f\x72\x3d\x22\x23\x65\x65\x65\x65\x65\x63\x22\x2f\
\x3e\x0a\x20\x20\x20\x3c\x73\x74\x6f\x70\x20\x69\x64\x3d\x22\x44\
\x22\x20\x6f\x66\x66\x73\x65\x74\x3d\x22\x31\x22\x20\x73\x74\x6f\
\x70\x2d\x63\x6f\x6c\x6f\x72\x3d\x22\x23\x65\x65\x65\x65\x65\x63\
\x22\x20\x73\x74\x6f\x70\x2d\x6f\x70\x61\x63\x69\x74\x79\x3d\x22\
\x30\x22\x2f\x3e\x0a\x20\x20\x3c\x2f\x6c\x69\x6e\x65\x61\x72\x47\
\x72\x61\x64\x69\x65\x6e\x74\x3e\x0a\x20\x20\x3c\x6c\x69\x6e\x65\
\x61\x72\x47\x72\x61\x64\x69\x65\x6e\x74\x20\x69\x64\x3d\x22\x34\
\x22\x3e\x0a\x20\x20\x20\x3c\x73\x74\x6f\x70\x20\x69\x64\x3d\x22\
\x45\x22\x20\x73\x74\x6f\x70\x2d\x63\x6f\x6c\x6f\x72\x3d\x22\x23\
\x66\x66\x66\x22\x20\x73\x74\x6f\x70\x2d\x6f\x70\x61\x63\x69\x74\
\x79\x3d\x22\x30\x2e\x38\x22\x2f\x3e\x0a\x20\x20\x20\x3c\x73\x74\
\x6f\x70\x20\x69\x64\x3d\x22\x46\x22\x20\x6f\x66\x66\x73\x65\x74\
\x3d\x22\x31\x22\x20\x73\x74\x6f\x70\x2d\x63\x6f\x6c\x6f\x72\x3d\
\x22\x23\x66\x66\x66\x22\x20\x73\x74\x6f\x70\x2d\x6f\x70\x61\x63\
\x69\x74\x79\x3d\x22\x30\x22\x2f\x3e\x0a\x20\x20\x3c\x2f\x6c\x69\
\x6e\x65\x61\x72\x47\x72\x61\x64\x69\x65\x6e\x74\x3e\x0a\x20\x20\
\x3c\x72\x61\x64\x69\x61\x6c\x47\x72\x61\x64\x69\x65\x6e\x74\x20\
\x63\x78\x3d\x22\x32\x34\x2e\x33\x37\x37\x22\x20\x63\x79\x3d\x22\
\x34\x35\x2e\x39\x34\x31\x22\x20\x72\x3d\x22\x32\x33\x2e\x30\x38\
\x22\x20\x69\x64\x3d\x22\x35\x22\x20\x78\x6c\x69\x6e\x6b\x3a\x68\
\x72\x65\x66\x3d\x22\x23\x32\x22\x20\x67\x72\x61\x64\x69\x65\x6e\
\x74\x55\x6e\x69\x74\x73\x3d\x22\x75\x73\x65\x72\x53\x70\x61\x63\
\x65\x4f\x6e\x55\x73\x65\x22\x20\x67\x72\x61\x64\x69\x65\x6e\x74\
\x54\x72\x61\x6e\x73\x66\x6f\x72\x6d\x3d\x22\x6d\x61\x74\x72\x69\
\x78\x28\x31\x2c\x30\x2c\x30\x2c\x30\x2e\x31\x34\x35\x35\x33\x39\
\x39\x2c\x30\x2c\x33\x39\x2e\x32\x35\x35\x31\x37\x33\x29\x22\x2f\
\x3e\x0a\x20\x20\x3c\x6c\x69\x6e\x65\x61\x72\x47\x72\x61\x64\x69\
\x65\x6e\x74\x20\x79\x31\x3d\x22\x34\x2e\x32\x31\x39\x22\x20\x78\
\x32\x3d\x22\x30\x22\x20\x79\x32\x3d\x22\x34\x33\x2e\x37\x38\x31\
\x22\x20\x69\x64\x3d\x22\x36\x22\x20\x78\x6c\x69\x6e\x6b\x3a\x68\
\x72\x65\x66\x3d\x22\x23\x34\x22\x20\x67\x72\x61\x64\x69\x65\x6e\
\x74\x55\x6e\x69\x74\x73\x3d\x22\x75\x73\x65\x72\x53\x70\x61\x63\
\x65\x4f\x6e\x55\x73\x65\x22\x2f\x3e\x0a\x20\x20\x3c\x6c\x69\x6e\
\x65\x61\x72\x47\x72\x61\x64\x69\x65\x6e\x74\x20\x78\x31\x3d\x22\
\x34\x2e\x30\x39\x34\x22\x20\x79\x31\x3d\x22\x2d\x35\x38\x2e\x30\
\x31\x22\x20\x78\x32\x3d\x22\x31\x35\x2e\x32\x39\x38\x22\x20\x79\
\x32\x3d\x22\x33\x33\x2e\x39\x30\x36\x22\x20\x69\x64\x3d\x22\x37\
\x22\x20\x78\x6c\x69\x6e\x6b\x3a\x68\x72\x65\x66\x3d\x22\x23\x33\
\x22\x20\x67\x72\x61\x64\x69\x65\x6e\x74\x55\x6e\x69\x74\x73\x3d\
\x22\x75\x73\x65\x72\x53\x70\x61\x63\x65\x4f\x6e\x55\x73\x65\x22\
\x20\x67\x72\x61\x64\x69\x65\x6e\x74\x54\x72\x61\x6e\x73\x66\x6f\
\x72\x6d\x3d\x22\x74\x72\x61\x6e\x73\x6c\x61\x74\x65\x28\x30\x2e\
\x37\x30\x36\x33\x39\x32\x33\x2c\x2d\x31\x2e\x34\x39\x39\x39\x39\
\x39\x35\x29\x22\x2f\x3e\x0a\x20\x3c\x2f\x64\x65\x66\x73\x3e\x0a\
\x20\x3c\x67\x20\x69\x64\x3d\x22\x31\x22\x3e\x0a\x20\x20\x3c\x70\
\x61\x74\x68\x20\x64\x3d\x22\x6d\x20\x34\x37\x2e\x34\x35\x33\x39\
\x35\x35\x2c\x34\x35\x2e\x39\x34\x31\x34\x39\x34\x20\x61\x20\x32\
\x33\x2e\x30\x37\x36\x39\x32\x33\x2c\x33\x2e\x33\x35\x38\x36\x31\
\x33\x34\x20\x30\x20\x31\x20\x31\x20\x2d\x34\x36\x2e\x31\x35\x33\
\x38\x34\x37\x2c\x30\x20\x32\x33\x2e\x30\x37\x36\x39\x32\x33\x2c\
\x33\x2e\x33\x35\x38\x36\x31\x33\x34\x20\x30\x20\x31\x20\x31\x20\
\x34\x36\x2e\x31\x35\x33\x38\x34\x37\x2c\x30\x20\x7a\x22\x20\x74\
\x72\x61\x6e\x73\x66\x6f\x72\x6d\x3d\x22\x74\x72\x61\x6e\x73\x6c\
\x61\x74\x65\x28\x2d\x30\x2e\x33\x37\x37\x30\x33\x31\x33\x33\x2c\
\x2d\x32\x2e\x38\x30\x30\x31\x30\x37\x38\x29\x22\x20\x69\x64\x3d\
\x22\x38\x22\x20\x6f\x70\x61\x63\x69\x74\x79\x3d\x22\x30\x2e\x38\
\x22\x20\x66\x69\x6c\x6c\x3d\x22\x75\x72\x6c\x28\x23\x35\x29\x22\
\x2f\x3e\x0a\x20\x20\x3c\x67\x20\x74\x72\x61\x6e\x73\x66\x6f\x72\
\x6d\x3d\x22\x74\x72\x61\x6e\x73\x6c\x61\x74\x65\x28\x2d\x30\x2e\
\x37\x30\x36\x33\x39\x32\x32\x39\x2c\x30\x29\x22\x20\x69\x64\x3d\
\x22\x39\x22\x3e\x0a\x20\x20\x20\x3c\x72\x65\x63\x74\x20\x77\x69\
\x64\x74\x68\x3d\x22\x34\x32\x22\x20\x68\x65\x69\x67\x68\x74\x3d\
\x22\x34\x32\x22\x20\x78\x3d\x22\x33\x2e\x37\x30\x36\x22\x20\x79\
\x3d\x22\x31\x2e\x35\x22\x20\x69\x64\x3d\x22\x47\x22\x20\x66\x69\
\x6c\x6c\x3d\x22\x23\x37\x63\x30\x30\x30\x30\x22\x20\x72\x78\x3d\
\x22\x36\x22\x2f\x3e\x0a\x20\x20\x20\x3c\x70\x61\x74\x68\x20\x64\
\x3d\x22\x4d\x20\x39\x2c\x34\x2e\x30\x39\x33\x37\x35\x20\x43\x20\
\x36\x2e\x32\x36\x30\x38\x37\x37\x31\x2c\x34\x2e\x30\x39\x33\x37\
\x35\x20\x34\x2e\x30\x39\x33\x37\x35\x2c\x36\x2e\x32\x36\x30\x38\
\x37\x37\x31\x20\x34\x2e\x30\x39\x33\x37\x35\x2c\x39\x20\x6c\x20\
\x30\x2c\x33\x30\x20\x63\x20\x30\x2c\x32\x2e\x37\x33\x39\x31\x32\
\x33\x20\x32\x2e\x31\x36\x37\x31\x32\x37\x31\x2c\x34\x2e\x39\x30\
\x36\x32\x35\x20\x34\x2e\x39\x30\x36\x32\x35\x2c\x34\x2e\x39\x30\
\x36\x32\x35\x20\x6c\x20\x33\x30\x2c\x30\x20\x63\x20\x32\x2e\x37\
\x33\x39\x31\x32\x33\x2c\x30\x20\x34\x2e\x39\x30\x36\x32\x35\x2c\
\x2d\x32\x2e\x31\x36\x37\x31\x32\x37\x20\x34\x2e\x39\x30\x36\x32\
\x35\x2c\x2d\x34\x2e\x39\x30\x36\x32\x35\x20\x6c\x20\x30\x2c\x2d\
\x33\x30\x20\x43\x20\x34\x33\x2e\x39\x30\x36\x32\x35\x2c\x36\x2e\
\x32\x36\x30\x38\x37\x37\x31\x20\x34\x31\x2e\x37\x33\x39\x31\x32\
\x33\x2c\x34\x2e\x30\x39\x33\x37\x35\x20\x33\x39\x2c\x34\x2e\x30\
\x39\x33\x37\x35\x20\x6c\x20\x2d\x33\x30\x2c\x30\x20\x7a\x22\x20\
\x74\x72\x61\x6e\x73\x66\x6f\x72\x6d\x3d\x22\x74\x72\x61\x6e\x73\
\x6c\x61\x74\x65\x28\x30\x2e\x37\x30\x36\x33\x39\x32\x33\x2c\x2d\
\x31\x2e\x34\x39\x39\x39\x39\x39\x35\x29\x22\x20\x69\x64\x3d\x22\
\x48\x22\x20\x66\x69\x6c\x6c\x3d\x22\x23\x63\x30\x30\x22\x2f\x3e\
\x0a\x20\x20\x20\x3c\x67\x20\x74\x72\x61\x6e\x73\x66\x6f\x72\x6d\
\x3d\x22\x6d\x61\x74\x72\x69\x78\x28\x30\x2e\x38\x39\x30\x30\x39\
\x39\x35\x2c\x30\x2c\x30\x2c\x30\x2e\x38\x39\x30\x30\x39\x39\x35\
\x2c\x32\x2e\x37\x31\x35\x32\x34\x35\x31\x2c\x32\x2e\x34\x37\x32\
\x37\x36\x31\x33\x29\x22\x20\x69\x64\x3d\x22\x49\x22\x3e\x0a\x20\
\x20\x20\x20\x3c\x70\x61\x74\x68\x20\x64\x3d\x22\x6d\x20\x31\x30\
\x2e\x34\x33\x37\x35\x2c\x31\x36\x2e\x38\x31\x32\x35\x20\x61\x20\
\x30\x2e\x35\x38\x36\x39\x34\x30\x35\x36\x2c\x30\x2e\x35\x38\x36\
\x39\x34\x30\x35\x36\x20\x30\x20\x30\x20\x30\x20\x2d\x30\x2e\x35\
\x33\x31\x32\x35\x2c\x30\x2e\x35\x39\x33\x37\x35\x20\x6c\x20\x30\
\x2c\x31\x30\x2e\x31\x38\x37\x35\x20\x41\x20\x30\x2e\x35\x38\x36\
\x39\x34\x30\x35\x36\x2c\x30\x2e\x35\x38\x36\x39\x34\x30\x35\x36\
\x20\x30\x20\x30\x20\x30\x20\x31\x30\x2e\x35\x2c\x32\x38\x2e\x31\
\x38\x37\x35\x20\x6c\x20\x32\x38\x2e\x34\x33\x37\x35\x2c\x30\x20\
\x61\x20\x30\x2e\x35\x38\x36\x39\x34\x30\x35\x36\x2c\x30\x2e\x35\
\x38\x36\x39\x34\x30\x35\x36\x20\x30\x20\x30\x20\x30\x20\x30\x2e\
\x35\x39\x33\x37\x35\x2c\x2d\x30\x2e\x35\x39\x33\x37\x35\x20\x6c\
\x20\x30\x2c\x2d\x31\x30\x2e\x31\x38\x37\x35\x20\x41\x20\x30\x2e\
\x35\x38\x36\x39\x34\x30\x35\x36\x2c\x30\x2e\x35\x38\x36\x39\x34\
\x30\x35\x36\x20\x30\x20\x30\x20\x30\x20\x33\x38\x2e\x39\x33\x37\
\x35\x2c\x31\x36\x2e\x38\x31\x32\x35\x20\x6c\x20\x2d\x32\x38\x2e\
\x34\x33\x37\x35\x2c\x30\x20\x61\x20\x30\x2e\x35\x38\x36\x39\x34\
\x30\x35\x36\x2c\x30\x2e\x35\x38\x36\x39\x34\x30\x35\x36\x20\x30\
\x20\x30\x20\x30\x20\x2d\x30\x2e\x30\x36\x32\x35\x2c\x30\x20\x7a\
\x22\x20\x69\x64\x3d\x22\x4c\x22\x20\x66\x69\x6c\x6c\x3d\x22\x23\
\x61\x34\x30\x30\x30\x30\x22\x2f\x3e\x0a\x20\x20\x20\x20\x3c\x70\
\x61\x74\x68\x20\x64\x3d\x22\x6d\x20\x31\x31\x2e\x31\x36\x31\x36\
\x34\x39\x2c\x31\x38\x2e\x30\x39\x37\x39\x35\x39\x20\x30\x2c\x38\
\x2e\x38\x30\x34\x30\x38\x33\x20\x32\x37\x2e\x30\x38\x39\x34\x38\
\x36\x2c\x30\x20\x30\x2c\x2d\x38\x2e\x38\x30\x34\x30\x38\x33\x20\
\x2d\x32\x37\x2e\x30\x38\x39\x34\x38\x36\x2c\x30\x20\x30\x2c\x30\
\x20\x7a\x22\x20\x69\x64\x3d\x22\x4d\x22\x20\x66\x69\x6c\x6c\x3d\
\x22\x23\x65\x65\x65\x65\x65\x63\x22\x2f\x3e\x0a\x20\x20\x20\x3c\
\x2f\x67\x3e\x0a\x20\x20\x20\x3c\x70\x61\x74\x68\x20\x64\x3d\x22\
\x4d\x20\x39\x2c\x34\x2e\x37\x31\x38\x37\x35\x20\x43\x20\x36\x2e\
\x35\x39\x34\x33\x38\x35\x32\x2c\x34\x2e\x37\x31\x38\x37\x35\x20\
\x34\x2e\x37\x31\x38\x37\x35\x2c\x36\x2e\x35\x39\x34\x33\x38\x35\
\x32\x20\x34\x2e\x37\x31\x38\x37\x35\x2c\x39\x20\x6c\x20\x30\x2c\
\x33\x30\x20\x63\x20\x30\x2c\x32\x2e\x34\x30\x35\x36\x31\x35\x20\
\x31\x2e\x38\x37\x35\x36\x33\x35\x32\x2c\x34\x2e\x32\x38\x31\x32\
\x35\x20\x34\x2e\x32\x38\x31\x32\x35\x2c\x34\x2e\x32\x38\x31\x32\
\x35\x20\x6c\x20\x33\x30\x2c\x30\x20\x63\x20\x32\x2e\x34\x30\x35\
\x36\x31\x35\x2c\x30\x20\x34\x2e\x32\x38\x31\x32\x35\x2c\x2d\x31\
\x2e\x38\x37\x35\x36\x33\x35\x20\x34\x2e\x32\x38\x31\x32\x35\x2c\
\x2d\x34\x2e\x32\x38\x31\x32\x35\x20\x6c\x20\x30\x2c\x2d\x33\x30\
\x20\x43\x20\x34\x33\x2e\x32\x38\x31\x32\x35\x2c\x36\x2e\x35\x39\
\x34\x33\x38\x35\x32\x20\x34\x31\x2e\x34\x30\x35\x36\x31\x35\x2c\
\x34\x2e\x37\x31\x38\x37\x35\x20\x33\x39\x2c\x34\x2e\x37\x31\x38\
\x37\x35\x20\x6c\x20\x2d\x33\x30\x2c\x30\x20\x7a\x22\x20\x74\x72\
\x61\x6e\x73\x66\x6f\x72\x6d\x3d\x22\x74\x72\x61\x6e\x73\x6c\x61\
\x74\x65\x28\x30\x2e\x37\x30\x36\x33\x39\x32\x33\x2c\x2d\x31\x2e\
\x34\x39\x39\x39\x39\x39\x35\x29\x22\x20\x69\x64\x3d\x22\x4a\x22\
\x20\x6f\x70\x61\x63\x69\x74\x79\x3d\x22\x30\x2e\x38\x22\x20\x66\
\x69\x6c\x6c\x3d\x22\x6e\x6f\x6e\x65\x22\x20\x73\x74\x72\x6f\x6b\
\x65\x3d\x22\x75\x72\x6c\x28\x23\x36\x29\x22\x20\x73\x74\x72\x6f\
\x6b\x65\x2d\x6c\x69\x6e\x65\x63\x61\x70\x3d\x22\x72\x6f\x75\x6e\
\x64\x22\x20\x73\x74\x72\x6f\x6b\x65\x2d\x64\x61\x73\x68\x6f\x66\
\x66\x73\x65\x74\x3d\x22\x33\x30\x22\x2f\x3e\x0a\x20\x20\x20\x3c\
\x70\x61\x74\x68\x20\x64\x3d\x22\x6d\x20\x39\x2e\x37\x30\x36\x33\
\x39\x32\x33\x2c\x32\x2e\x35\x39\x33\x37\x35\x30\x35\x20\x63\x20\
\x2d\x32\x2e\x37\x33\x39\x31\x32\x32\x39\x2c\x30\x20\x2d\x34\x2e\
\x39\x30\x36\x32\x35\x2c\x32\x2e\x31\x36\x37\x31\x32\x37\x31\x20\
\x2d\x34\x2e\x39\x30\x36\x32\x35\x2c\x34\x2e\x39\x30\x36\x32\x35\
\x20\x6c\x20\x30\x2c\x31\x37\x2e\x31\x35\x36\x32\x35\x30\x35\x20\
\x43\x20\x31\x36\x2e\x38\x38\x35\x33\x35\x2c\x31\x39\x2e\x35\x32\
\x33\x31\x30\x38\x20\x33\x30\x2e\x34\x38\x30\x39\x38\x37\x2c\x31\
\x35\x2e\x30\x38\x36\x37\x32\x38\x20\x34\x34\x2e\x36\x31\x32\x36\
\x34\x32\x2c\x31\x32\x2e\x31\x32\x35\x30\x30\x31\x20\x6c\x20\x30\
\x2c\x2d\x34\x2e\x36\x32\x35\x30\x30\x30\x35\x20\x63\x20\x30\x2c\
\x2d\x32\x2e\x37\x33\x39\x31\x32\x32\x39\x20\x2d\x32\x2e\x31\x36\
\x37\x31\x32\x37\x2c\x2d\x34\x2e\x39\x30\x36\x32\x35\x20\x2d\x34\
\x2e\x39\x30\x36\x32\x35\x2c\x2d\x34\x2e\x39\x30\x36\x32\x35\x20\
\x6c\x20\x2d\x32\x39\x2e\x39\x39\x39\x39\x39\x39\x37\x2c\x30\x20\
\x7a\x22\x20\x69\x64\x3d\x22\x4b\x22\x20\x6f\x70\x61\x63\x69\x74\
\x79\x3d\x22\x30\x2e\x36\x22\x20\x66\x69\x6c\x6c\x3d\x22\x75\x72\
\x6c\x28\x23\x37\x29\x22\x2f\x3e\x0a\x20\x20\x3c\x2f\x67\x3e\x0a\
\x20\x3c\x2f\x67\x3e\x0a\x3c\x2f\x73\x76\x67\x3e\x0a\
\x00\x00\x04\x45\
\x3c\
\x73\x76\x67\x20\x78\x6d\x6c\x6e\x73\x3d\x22\x68\x74\x74\x70\x3a\
\x2f\x2f\x77\x77\x77\x2e\x77\x33\x2e\x6f\x72\x67\x2f\x32\x30\x30\
\x30\x2f\x73\x76\x67\x22\x20\x66\x69\x6c\x6c\x3d\x22\x23\x66\x66\
\x66\x66\x66\x66\x22\x20\x77\x69\x64\x74\x68\x3d\x22\x38\x30\x30\
\x70\x78\x22\x20\x68\x65\x69\x67\x68\x74\x3d\x22\x38\x30\x30\x70\
\x78\x22\x20\x76\x69\x65\x77\x42\x6f\x78\x3d\x22\x2d\x33\x20\x2d\
\x33\x20\x33\x30\x20\x33\x30\x22\x20\x69\x64\x3d\x22\x77\x61\x76\
\x65\x22\x20\x63\x6c\x61\x73\x73\x3d\x22\x69\x63\x6f\x6e\x20\x67\
\x6c\x79\x70\x68\x22\x3e\x3c\x67\x20\x69\x64\x3d\x22\x64\x65\x65\
\x64\x69\x74\x6f\x72\x5f\x62\x67\x43\x61\x72\x72\x69\x65\x72\x22\
\x20\x73\x74\x72\x6f\x6b\x65\x2d\x77\x69\x64\x74\x68\x3d\x22\x30\
\x22\x3e\x0a\x20\x20\x20\x20\x3c\x72\x65\x63\x74\x20\x69\x64\x3d\
\x22\x64\x65\x65\x5f\x63\x5f\x65\x22\x20\x78\x3d\x22\x2d\x33\x22\
\x20\x79\x3d\x22\x2d\x33\x22\x20\x77\x69\x64\x74\x68\x3d\x22\x33\
\x30\x22\x20\x68\x65\x69\x67\x68\x74\x3d\x22\x33\x30\x22\x20\x72\
\x78\x3d\x22\x30\x22\x20\x66\x69\x6c\x6c\x3d\x22\x23\x33\x66\x39\
\x63\x64\x35\x22\x20\x73\x74\x72\x6f\x6b\x65\x77\x69\x64\x74\x68\
\x3d\x22\x30\x22\x2f\x3e\x0a\x20\x20\x3c\x2f\x67\x3e\x3c\x70\x61\
\x74\x68\x20\x64\x3d\x22\x4d\x31\x36\x2e\x35\x2c\x31\x34\x61\x34\
\x2e\x30\x36\x2c\x34\x2e\x30\x36\x2c\x30\x2c\x30\x2c\x31\x2d\x32\
\x2e\x39\x32\x2d\x31\x2e\x32\x35\x2c\x32\x2c\x32\x2c\x30\x2c\x30\
\x2c\x30\x2d\x33\x2e\x31\x37\x2c\x30\x2c\x34\x2c\x34\x2c\x30\x2c\
\x30\x2c\x31\x2d\x35\x2e\x38\x33\x2c\x30\x41\x32\x2e\x31\x2c\x32\
\x2e\x31\x2c\x30\x2c\x30\x2c\x30\x2c\x33\x2c\x31\x32\x61\x31\x2c\
\x31\x2c\x30\x2c\x30\x2c\x31\x2c\x30\x2d\x32\x2c\x34\x2c\x34\x2c\
\x30\x2c\x30\x2c\x31\x2c\x32\x2e\x39\x31\x2c\x31\x2e\x32\x35\x2c\
\x32\x2c\x32\x2c\x30\x2c\x30\x2c\x30\x2c\x33\x2e\x31\x37\x2c\x30\
\x2c\x34\x2c\x34\x2c\x30\x2c\x30\x2c\x31\x2c\x35\x2e\x38\x33\x2c\
\x30\x2c\x32\x2c\x32\x2c\x30\x2c\x30\x2c\x30\x2c\x33\x2e\x31\x37\
\x2c\x30\x41\x34\x2e\x30\x36\x2c\x34\x2e\x30\x36\x2c\x30\x2c\x30\
\x2c\x31\x2c\x32\x31\x2c\x31\x30\x61\x31\x2c\x31\x2c\x30\x2c\x30\
\x2c\x31\x2c\x30\x2c\x32\x2c\x32\x2e\x31\x32\x2c\x32\x2e\x31\x32\
\x2c\x30\x2c\x30\x2c\x30\x2d\x31\x2e\x35\x39\x2e\x37\x35\x41\x34\
\x2c\x34\x2c\x30\x2c\x30\x2c\x31\x2c\x31\x36\x2e\x35\x2c\x31\x34\
\x5a\x22\x20\x66\x69\x6c\x6c\x3d\x22\x23\x66\x66\x66\x66\x66\x66\
\x22\x2f\x3e\x3c\x70\x61\x74\x68\x20\x64\x3d\x22\x4d\x31\x36\x2e\
\x35\x2c\x32\x30\x61\x34\x2e\x30\x36\x2c\x34\x2e\x30\x36\x2c\x30\
\x2c\x30\x2c\x31\x2d\x32\x2e\x39\x32\x2d\x31\x2e\x32\x35\x2c\x32\
\x2c\x32\x2c\x30\x2c\x30\x2c\x30\x2d\x33\x2e\x31\x37\x2c\x30\x2c\
\x34\x2c\x34\x2c\x30\x2c\x30\x2c\x31\x2d\x35\x2e\x38\x33\x2c\x30\
\x41\x32\x2e\x31\x2c\x32\x2e\x31\x2c\x30\x2c\x30\x2c\x30\x2c\x33\
\x2c\x31\x38\x61\x31\x2c\x31\x2c\x30\x2c\x30\x2c\x31\x2c\x30\x2d\
\x32\x2c\x34\x2c\x34\x2c\x30\x2c\x30\x2c\x31\x2c\x32\x2e\x39\x31\
\x2c\x31\x2e\x32\x35\x2c\x32\x2c\x32\x2c\x30\x2c\x30\x2c\x30\x2c\
\x33\x2e\x31\x37\x2c\x30\x2c\x34\x2c\x34\x2c\x30\x2c\x30\x2c\x31\
\x2c\x35\x2e\x38\x33\x2c\x30\x2c\x32\x2c\x32\x2c\x30\x2c\x30\x2c\
\x30\x2c\x33\x2e\x31\x37\x2c\x30\x41\x34\x2e\x30\x36\x2c\x34\x2e\
\x30\x36\x2c\x30\x2c\x30\x2c\x31\x2c\x32\x31\x2c\x31\x36\x61\x31\
\x2c\x31\x2c\x30\x2c\x30\x2c\x31\x2c\x30\x2c\x32\x2c\x32\x2e\x31\
\x32\x2c\x32\x2e\x31\x32\x2c\x30\x2c\x30\x2c\x30\x2d\x31\x2e\x35\
\x39\x2e\x37\x35\x41\x34\x2c\x34\x2c\x30\x2c\x30\x2c\x31\x2c\x31\
\x36\x2e\x35\x2c\x32\x30\x5a\x6d\x30\x2d\x31\x32\x61\x34\x2e\x30\
\x36\x2c\x34\x2e\x30\x36\x2c\x30\x2c\x30\x2c\x31\x2d\x32\x2e\x39\
\x32\x2d\x31\x2e\x32\x35\x2c\x32\x2c\x32\x2c\x30\x2c\x30\x2c\x30\
\x2d\x33\x2e\x31\x37\x2c\x30\x2c\x34\x2c\x34\x2c\x30\x2c\x30\x2c\
\x31\x2d\x35\x2e\x38\x33\x2c\x30\x41\x32\x2e\x31\x2c\x32\x2e\x31\
\x2c\x30\x2c\x30\x2c\x30\x2c\x33\x2c\x36\x2c\x31\x2c\x31\x2c\x30\
\x2c\x30\x2c\x31\x2c\x33\x2c\x34\x2c\x34\x2c\x34\x2c\x30\x2c\x30\
\x2c\x31\x2c\x35\x2e\x39\x31\x2c\x35\x2e\x32\x35\x61\x32\x2c\x32\
\x2c\x30\x2c\x30\x2c\x30\x2c\x33\x2e\x31\x37\x2c\x30\x2c\x34\x2c\
\x34\x2c\x30\x2c\x30\x2c\x31\x2c\x35\x2e\x38\x33\x2c\x30\x2c\x32\
\x2c\x32\x2c\x30\x2c\x30\x2c\x30\x2c\x33\x2e\x31\x37\x2c\x30\x41\
\x34\x2e\x30\x36\x2c\x34\x2e\x30\x36\x2c\x30\x2c\x30\x2c\x31\x2c\
\x32\x31\x2c\x34\x61\x31\x2c\x31\x2c\x30\x2c\x30\x2c\x31\x2c\x30\
\x2c\x32\x2c\x32\x2e\x31\x32\x2c\x32\x2e\x31\x32\x2c\x30\x2c\x30\
\x2c\x30\x2d\x31\x2e\x35\x39\x2e\x37\x35\x41\x34\x2c\x34\x2c\x30\
\x2c\x30\x2c\x31\x2c\x31\x36\x2e\x35\x2c\x38\x5a\x22\x20\x66\x69\
\x6c\x6c\x3d\x22\x23\x66\x66\x66\x66\x66\x66\x22\x2f\x3e\x3c\x2f\
\x73\x76\x67\x3e\
\x00\x00\x03\x84\
\x3c\
\x73\x76\x67\x20\x78\x6d\x6c\x6e\x73\x3d\x22\x68\x74\x74\x70\x3a\
\x2f\x2f\x77\x77\x77\x2e\x77\x33\x2e\x6f\x72\x67\x2f\x32\x30\x30\
\x30\x2f\x73\x76\x67\x22\x20\x66\x69\x6c\x6c\x3d\x22\x23\x66\x66\
\x66\x66\x66\x66\x22\x20\x77\x69\x64\x74\x68\x3d\x22\x38\x30\x30\
\x70\x78\x22\x20\x68\x65\x69\x67\x68\x74\x3d\x22\x38\x30\x30\x70\
\x78\x22\x20\x76\x69\x65\x77\x42\x6f\x78\x3d\x22\x2d\x33\x20\x2d\
\x33\x20\x32\x30\x20\x32\x30\x22\x20\x72\x6f\x6c\x65\x3d\x22\x69\
\x6d\x67\x22\x20\x66\x6f\x63\x75\x73\x61\x62\x6c\x65\x3d\x22\x66\
\x61\x6c\x73\x65\x22\x20\x61\x72\x69\x61\x2d\x68\x69\x64\x64\x65\
\x6e\x3d\x22\x74\x72\x75\x65\x22\x3e\x3c\x67\x20\x69\x64\x3d\x22\
\x64\x65\x65\x64\x69\x74\x6f\x72\x5f\x62\x67\x43\x61\x72\x72\x69\
\x65\x72\x22\x20\x73\x74\x72\x6f\x6b\x65\x2d\x77\x69\x64\x74\x68\
\x3d\x22\x30\x22\x3e\x0a\x20\x20\x20\x20\x3c\x72\x65\x63\x74\x20\
\x69\x64\x3d\x22\x64\x65\x65\x5f\x63\x5f\x65\x22\x20\x78\x3d\x22\
\x2d\x33\x22\x20\x79\x3d\x22\x2d\x33\x22\x20\x77\x69\x64\x74\x68\
\x3d\x22\x32\x30\x22\x20\x68\x65\x69\x67\x68\x74\x3d\x22\x32\x30\
\x22\x20\x72\x78\x3d\x22\x30\x22\x20\x66\x69\x6c\x6c\x3d\x22\x23\
\x34\x31\x34\x65\x36\x31\x22\x20\x73\x74\x72\x6f\x6b\x65\x77\x69\
\x64\x74\x68\x3d\x22\x30\x22\x2f\x3e\x0a\x20\x20\x3c\x2f\x67\x3e\
\x3c\x70\x61\x74\x68\x20\x64\x3d\x22\x6d\x20\x39\x2e\x34\x31\x38\
\x32\x30\x35\x2c\x37\x2e\x31\x34\x31\x38\x20\x63\x20\x30\x2e\x34\
\x31\x35\x34\x32\x2c\x2d\x30\x2e\x33\x37\x38\x35\x20\x30\x2e\x38\
\x37\x36\x39\x39\x2c\x2d\x30\x2e\x35\x35\x33\x39\x20\x31\x2e\x32\
\x37\x33\x39\x34\x2c\x2d\x30\x2e\x35\x35\x33\x39\x20\x30\x2e\x36\
\x35\x35\x34\x33\x2c\x30\x20\x30\x2e\x39\x39\x36\x39\x39\x2c\x30\
\x2e\x32\x38\x36\x32\x20\x30\x2e\x39\x39\x36\x39\x39\x2c\x30\x2e\
\x38\x39\x35\x34\x20\x30\x2c\x30\x2e\x34\x38\x39\x33\x20\x2d\x30\
\x2e\x33\x35\x30\x37\x39\x2c\x31\x2e\x30\x31\x35\x35\x20\x2d\x31\
\x2e\x30\x31\x35\x34\x36\x2c\x31\x2e\x36\x39\x38\x36\x20\x6c\x20\
\x2d\x31\x2e\x36\x33\x33\x39\x36\x2c\x31\x2e\x36\x36\x31\x37\x20\
\x30\x2c\x30\x2e\x39\x35\x30\x38\x20\x33\x2e\x38\x38\x36\x34\x33\
\x2c\x30\x20\x30\x2c\x2d\x31\x2e\x30\x33\x33\x39\x20\x2d\x32\x2e\
\x34\x32\x37\x38\x36\x2c\x30\x20\x31\x2e\x31\x30\x37\x37\x37\x2c\
\x2d\x31\x2e\x30\x34\x33\x32\x20\x63\x20\x30\x2e\x38\x37\x36\x39\
\x38\x2c\x2d\x30\x2e\x38\x32\x31\x36\x20\x31\x2e\x33\x39\x33\x39\
\x34\x2c\x2d\x31\x2e\x35\x35\x30\x38\x20\x31\x2e\x33\x39\x33\x39\
\x34\x2c\x2d\x32\x2e\x34\x30\x30\x31\x20\x30\x2c\x2d\x30\x2e\x39\
\x34\x31\x36\x20\x2d\x30\x2e\x36\x33\x36\x39\x37\x2c\x2d\x31\x2e\
\x37\x36\x33\x32\x20\x2d\x32\x2e\x30\x37\x37\x30\x37\x2c\x2d\x31\
\x2e\x37\x36\x33\x32\x20\x2d\x30\x2e\x35\x39\x30\x38\x31\x2c\x30\
\x20\x2d\x31\x2e\x30\x38\x39\x33\x2c\x30\x2e\x31\x35\x36\x39\x20\
\x2d\x31\x2e\x35\x36\x30\x31\x31\x2c\x30\x2e\x34\x38\x39\x32\x20\
\x6c\x20\x30\x2e\x30\x35\x35\x34\x2c\x31\x2e\x30\x39\x38\x36\x20\
\x6d\x20\x2d\x34\x2e\x32\x36\x30\x33\x34\x2c\x2d\x31\x2e\x31\x34\
\x38\x34\x20\x32\x2e\x33\x39\x34\x35\x39\x2c\x2d\x33\x2e\x37\x38\
\x37\x38\x20\x2d\x31\x2e\x36\x36\x35\x33\x33\x2c\x30\x20\x2d\x31\
\x2e\x35\x37\x38\x32\x35\x2c\x32\x2e\x37\x32\x31\x31\x20\x2d\x31\
\x2e\x34\x31\x34\x39\x38\x2c\x2d\x32\x2e\x37\x32\x31\x31\x20\x2d\
\x31\x2e\x37\x31\x39\x37\x35\x2c\x30\x20\x32\x2e\x32\x30\x39\x35\
\x35\x2c\x33\x2e\x36\x38\x39\x39\x20\x2d\x32\x2e\x33\x38\x33\x37\
\x2c\x33\x2e\x37\x39\x38\x37\x20\x31\x2e\x36\x34\x33\x35\x36\x2c\
\x30\x20\x31\x2e\x35\x35\x36\x34\x38\x2c\x2d\x32\x2e\x37\x31\x30\
\x33\x20\x31\x2e\x35\x31\x32\x39\x34\x2c\x32\x2e\x37\x31\x30\x33\
\x20\x31\x2e\x37\x34\x31\x35\x32\x2c\x30\x20\x2d\x32\x2e\x32\x39\
\x36\x36\x33\x2c\x2d\x33\x2e\x37\x30\x30\x38\x22\x20\x66\x69\x6c\
\x6c\x3d\x22\x23\x66\x66\x66\x66\x66\x66\x22\x2f\x3e\x3c\x2f\x73\
\x76\x67\x3e\
\x00\x00\x04\x45\
\x3c\
\x73\x76\x67\x20\x78\x6d\x6c\x6e\x73\x3d\x22\x68\x74\x74\x70\x3a\
\x2f\x2f\x77\x77\x77\x2e\x77\x33\x2e\x6f\x72\x67\x2f\x32\x30\x30\
\x30\x2f\x73\x76\x67\x22\x20\x66\x69\x6c\x6c\x3d\x22\x23\x66\x66\
\x66\x66\x66\x66\x22\x20\x77\x69\x64\x74\x68\x3d\x22\x38\x30\x30\
\x70\x78\x22\x20\x68\x65\x69\x67\x68\x74\x3d\x22\x38\x30\x30\x70\
\x78\x22\x20\x76\x69\x65\x77\x42\x6f\x78\x3d\x22\x2d\x33\x20\x2d\
\x33\x20\x33\x30\x20\x33\x30\x22\x20\x69\x64\x3d\x22\x77\x61\x76\
\x65\x22\x20\x63\x6c\x61\x73\x73\x3d\x22\x69\x63\x6f\x6e\x20\x67\
\x6c\x79\x70\x68\x22\x3e\x3c\x67\x20\x69\x64\x3d\x22\x64\x65\x65\
\x64\x69\x74\x6f\x72\x5f\x62\x67\x43\x61\x72\x72\x69\x65\x72\x22\
\x20\x73\x74\x72\x6f\x6b\x65\x2d\x77\x69\x64\x74\x68\x3d\x22\x30\
\x22\x3e\x0a\x20\x20\x20\x20\x3c\x72\x65\x63\x74\x20\x69\x64\x3d\
\x22\x64\x65\x65\x5f\x63\x5f\x65\x22\x20\x78\x3d\x22\x2d\x33\x22\
\x20\x79\x3d\x22\x2d\x33\x22\x20\x77\x69\x64\x74\x68\x3d\x22\x33\
\x30\x22\x20\x68\x65\x69\x67\x68\x74\x3d\x22\x33\x30\x22\x20\x72\
\x78\x3d\x22\x30\x22\x20\x66\x69\x6c\x6c\x3d\x22\x23\x34\x31\x34\
\x65\x36\x31\x22\x20\x73\x74\x72\x6f\x6b\x65\x77\x69\x64\x74\x68\
\x3d\x22\x30\x22\x2f\x3e\x0a\x20\x20\x3c\x2f\x67\x3e\x3c\x70\x61\
\x74\x68\x20\x64\x3d\x22\x4d\x31\x36\x2e\x35\x2c\x31\x34\x61\x34\
\x2e\x30\x36\x2c\x34\x2e\x30\x36\x2c\x30\x2c\x30\x2c\x31\x2d\x32\
\x2e\x39\x32\x2d\x31\x2e\x32\x35\x2c\x32\x2c\x32\x2c\x30\x2c\x30\
\x2c\x30\x2d\x33\x2e\x31\x37\x2c\x30\x2c\x34\x2c\x34\x2c\x30\x2c\
\x30\x2c\x31\x2d\x35\x2e\x38\x33\x2c\x30\x41\x32\x2e\x31\x2c\x32\
\x2e\x31\x2c\x30\x2c\x30\x2c\x30\x2c\x33\x2c\x31\x32\x61\x31\x2c\
\x31\x2c\x30\x2c\x30\x2c\x31\x2c\x30\x2d\x32\x2c\x34\x2c\x34\x2c\
\x30\x2c\x30\x2c\x31\x2c\x32\x2e\x39\x31\x2c\x31\x2e\x32\x35\x2c\
\x32\x2c\x32\x2c\x30\x2c\x30\x2c\x30\x2c\x33\x2e\x31\x37\x2c\x30\
\x2c\x34\x2c\x34\x2c\x30\x2c\x30\x2c\x31\x2c\x35\x2e\x38\x33\x2c\
\x30\x2c\x32\x2c\x32\x2c\x30\x2c\x30\x2c\x30\x2c\x33\x2e\x31\x37\
\x2c\x30\x41\x34\x2e\x30\x36\x2c\x34\x2e\x30\x36\x2c\x30\x2c\x30\
\x2c\x31\x2c\x32\x31\x2c\x31\x30\x61\x31\x2c\x31\x2c\x30\x2c\x30\
\x2c\x31\x2c\x30\x2c\x32\x2c\x32\x2e\x31\x32\x2c\x32\x2e\x31\x32\
\x2c\x30\x2c\x30\x2c\x30\x2d\x31\x2e\x35\x39\x2e\x37\x35\x41\x34\
\x2c\x34\x2c\x30\x2c\x30\x2c\x31\x2c\x31\x36\x2e\x35\x2c\x31\x34\
\x5a\x22\x20\x66\x69\x6c\x6c\x3d\x22\x23\x66\x66\x66\x66\x66\x66\
\x22\x2f\x3e\x3c\x70\x61\x74\x68\x20\x64\x3d\x22\x4d\x31\x36\x2e\
\x35\x2c\x32\x30\x61\x34\x2e\x30\x36\x2c\x34\x2e\x30\x36\x2c\x30\
\x2c\x30\x2c\x31\x2d\x32\x2e\x39\x32\x2d\x31\x2e\x32\x35\x2c\x32\
\x2c\x32\x2c\x30\x2c\x30\x2c\x30\x2d\x33\x2e\x31\x37\x2c\x30\x2c\
\x34\x2c\x34\x2c\x30\x2c\x30\x2c\x31\x2d\x35\x2e\x38\x33\x2c\x30\
\x41\x32\x2e\x31\x2c\x32\x2e\x31\x2c\x30\x2c\x30\x2c\x30\x2c\x33\
\x2c\x31\x38\x61\x31\x2c\x31\x2c\x30\x2c\x30\x2c\x31\x2c\x30\x2d\
\x32\x2c\x34\x2c\x34\x2c\x30\x2c\x30\x2c\x31\x2c\x32\x2e\x39\x31\
\x2c\x31\x2e\x32\x35\x2c\x32\x2c\x32\x2c\x30\x2c\x30\x2c\x30\x2c\
\x33\x2e\x31\x37\x2c\x30\x2c\x34\x2c\x34\x2c\x30\x2c\x30\x2c\x31\
\x2c\x35\x2e\x38\x33\x2c\x30\x2c\x32\x2c\x32\x2c\x30\x2c\x30\x2c\
\x30\x2c\x33\x2e\x31\x37\x2c\x30\x41\x34\x2e\x30\x36\x2c\x34\x2e\
\x30\x36\x2c\x30\x2c\x30\x2c\x31\x2c\x32\x31\x2c\x31\x36\x61\x31\
\x2c\x31\x2c\x30\x2c\x30\x2c\x31\x2c\x30\x2c\x32\x2c\x32\x2e\x31\
\x32\x2c\x32\x2e\x31\x32\x2c\x30\x2c\x30\x2c\x30\x2d\x31\x2e\x35\
\x39\x2e\x37\x35\x41\x34\x2c\x34\x2c\x30\x2c\x30\x2c\x31\x2c\x31\
\x36\x2e\x35\x2c\x32\x30\x5a\x6d\x30\x2d\x31\x32\x61\x34\x2e\x30\
\x36\x2c\x34\x2e\x30\x36\x2c\x30\x2c\x30\x2c\x31\x2d\x32\x2e\x39\
\x32\x2d\x31\x2e\x32\x35\x2c\x32\x2c\x32\x2c\x30\x2c\x30\x2c\x30\
\x2d\x33\x2e\x31\x37\x2c\x30\x2c\x34\x2c\x34\x2c\x30\x2c\x30\x2c\
\x31\x2d\x35\x2e\x38\x33\x2c\x30\x41\x32\x2e\x31\x2c\x32\x2e\x31\
\x2c\x30\x2c\x30\x2c\x30\x2c\x33\x2c\x36\x2c\x31\x2c\x31\x2c\x30\
\x2c\x30\x2c\x31\x2c\x33\x2c\x34\x2c\x34\x2c\x34\x2c\x30\x2c\x30\
\x2c\x31\x2c\x35\x2e\x39\x31\x2c\x35\x2e\x32\x35\x61\x32\x2c\x32\
\x2c\x30\x2c\x30\x2c\x30\x2c\x33\x2e\x31\x37\x2c\x30\x2c\x34\x2c\
\x34\x2c\x30\x2c\x30\x2c\x31\x2c\x35\x2e\x38\x33\x2c\x30\x2c\x32\
\x2c\x32\x2c\x30\x2c\x30\x2c\x30\x2c\x33\x2e\x31\x37\x2c\x30\x41\
\x34\x2e\x30\x36\x2c\x34\x2e\x30\x36\x2c\x30\x2c\x30\x2c\x31\x2c\
\x32\x31\x2c\x34\x61\x31\x2c\x31\x2c\x30\x2c\x30\x2c\x31\x2c\x30\
\x2c\x32\x2c\x32\x2e\x31\x32\x2c\x32\x2e\x31\x32\x2c\x30\x2c\x30\
\x2c\x30\x2d\x31\x2e\x35\x39\x2e\x37\x35\x41\x34\x2c\x34\x2c\x30\
\x2c\x30\x2c\x31\x2c\x31\x36\x2e\x35\x2c\x38\x5a\x22\x20\x66\x69\
\x6c\x6c\x3d\x22\x23\x66\x66\x66\x66\x66\x66\x22\x2f\x3e\x3c\x2f\
\x73\x76\x67\x3e\
\x00\x00\x04\x5e\
\x3c\
\x73\x76\x67\x20\x78\x6d\x6c\x6e\x73\x3d\x22\x68\x74\x74\x70\x3a\
\x2f\x2f\x77\x77\x77\x2e\x77\x33\x2e\x6f\x72\x67\x2f\x32\x30\x30\
\x30\x2f\x73\x76\x67\x22\x20\x77\x69\x64\x74\x68\x3d\x22\x38\x30\
\x30\x70\x78\x22\x20\x68\x65\x69\x67\x68\x74\x3d\x22\x38\x30\x30\
\x70\x78\x22\x20\x76\x69\x65\x77\x42\x6f\x78\x3d\x22\x2d\x33\x20\
\x2d\x33\x20\x33\x30\x20\x33\x30\x22\x20\x66\x69\x6c\x6c\x3d\x22\
\x6e\x6f\x6e\x65\x22\x3e\x3c\x67\x20\x69\x64\x3d\x22\x64\x65\x65\
\x64\x69\x74\x6f\x72\x5f\x62\x67\x43\x61\x72\x72\x69\x65\x72\x22\
\x20\x73\x74\x72\x6f\x6b\x65\x2d\x77\x69\x64\x74\x68\x3d\x22\x30\
\x22\x3e\x0a\x20\x20\x20\x20\x3c\x72\x65\x63\x74\x20\x69\x64\x3d\
\x22\x64\x65\x65\x5f\x63\x5f\x65\x22\x20\x78\x3d\x22\x2d\x33\x22\
\x20\x79\x3d\x22\x2d\x33\x22\x20\x77\x69\x64\x74\x68\x3d\x22\x33\
\x30\x22\x20\x68\x65\x69\x67\x68\x74\x3d\x22\x33\x30\x22\x20\x72\
\x78\x3d\x22\x30\x22\x20\x66\x69\x6c\x6c\x3d\x22\x23\x33\x66\x39\
\x63\x64\x35\x22\x20\x73\x74\x72\x6f\x6b\x65\x77\x69\x64\x74\x68\
\x3d\x22\x30\x22\x2f\x3e\x0a\x20\x20\x3c\x2f\x67\x3e\x0a\x3c\x70\
\x61\x74\x68\x20\x64\x3d\x22\x4d\x33\x20\x38\x2e\x32\x43\x33\x20\
\x37\x2e\x30\x37\x39\x38\x39\x20\x33\x20\x36\x2e\x35\x31\x39\x38\
\x34\x20\x33\x2e\x32\x31\x37\x39\x39\x20\x36\x2e\x30\x39\x32\x30\
\x32\x43\x33\x2e\x34\x30\x39\x37\x33\x20\x35\x2e\x37\x31\x35\x36\
\x39\x20\x33\x2e\x37\x31\x35\x36\x39\x20\x35\x2e\x34\x30\x39\x37\
\x33\x20\x34\x2e\x30\x39\x32\x30\x32\x20\x35\x2e\x32\x31\x37\x39\
\x39\x43\x34\x2e\x35\x31\x39\x38\x34\x20\x35\x20\x35\x2e\x30\x37\
\x39\x39\x20\x35\x20\x36\x2e\x32\x20\x35\x48\x39\x2e\x36\x37\x34\
\x35\x32\x43\x31\x30\x2e\x31\x36\x33\x37\x20\x35\x20\x31\x30\x2e\
\x34\x30\x38\x33\x20\x35\x20\x31\x30\x2e\x36\x33\x38\x35\x20\x35\
\x2e\x30\x35\x35\x32\x36\x43\x31\x30\x2e\x38\x34\x32\x35\x20\x35\
\x2e\x31\x30\x34\x32\x35\x20\x31\x31\x2e\x30\x33\x37\x36\x20\x35\
\x2e\x31\x38\x35\x30\x36\x20\x31\x31\x2e\x32\x31\x36\x36\x20\x35\
\x2e\x32\x39\x34\x37\x32\x43\x31\x31\x2e\x34\x31\x38\x34\x20\x35\
\x2e\x34\x31\x38\x34\x20\x31\x31\x2e\x35\x39\x31\x34\x20\x35\x2e\
\x35\x39\x31\x33\x35\x20\x31\x31\x2e\x39\x33\x37\x33\x20\x35\x2e\
\x39\x33\x37\x32\x36\x4c\x31\x32\x2e\x30\x36\x32\x37\x20\x36\x2e\
\x30\x36\x32\x37\x34\x43\x31\x32\x2e\x34\x30\x38\x36\x20\x36\x2e\
\x34\x30\x38\x36\x35\x20\x31\x32\x2e\x35\x38\x31\x36\x20\x36\x2e\
\x35\x38\x31\x36\x20\x31\x32\x2e\x37\x38\x33\x34\x20\x36\x2e\x37\
\x30\x35\x32\x38\x43\x31\x32\x2e\x39\x36\x32\x34\x20\x36\x2e\x38\
\x31\x34\x39\x34\x20\x31\x33\x2e\x31\x35\x37\x35\x20\x36\x2e\x38\
\x39\x35\x37\x35\x20\x31\x33\x2e\x33\x36\x31\x35\x20\x36\x2e\x39\
\x34\x34\x37\x34\x43\x31\x33\x2e\x35\x39\x31\x37\x20\x37\x20\x31\
\x33\x2e\x38\x33\x36\x33\x20\x37\x20\x31\x34\x2e\x33\x32\x35\x35\
\x20\x37\x48\x31\x37\x2e\x38\x43\x31\x38\x2e\x39\x32\x30\x31\x20\
\x37\x20\x31\x39\x2e\x34\x38\x30\x32\x20\x37\x20\x31\x39\x2e\x39\
\x30\x38\x20\x37\x2e\x32\x31\x37\x39\x39\x43\x32\x30\x2e\x32\x38\
\x34\x33\x20\x37\x2e\x34\x30\x39\x37\x33\x20\x32\x30\x2e\x35\x39\
\x30\x33\x20\x37\x2e\x37\x31\x35\x36\x39\x20\x32\x30\x2e\x37\x38\
\x32\x20\x38\x2e\x30\x39\x32\x30\x32\x43\x32\x31\x20\x38\x2e\x35\
\x31\x39\x38\x34\x20\x32\x31\x20\x39\x2e\x30\x37\x39\x39\x20\x32\
\x31\x20\x31\x30\x2e\x32\x56\x31\x35\x2e\x38\x43\x32\x31\x20\x31\
\x36\x2e\x39\x32\x30\x31\x20\x32\x31\x20\x31\x37\x2e\x34\x38\x30\
\x32\x20\x32\x30\x2e\x37\x38\x32\x20\x31\x37\x2e\x39\x30\x38\x43\
\x32\x30\x2e\x35\x39\x30\x33\x20\x31\x38\x2e\x32\x38\x34\x33\x20\
\x32\x30\x2e\x32\x38\x34\x33\x20\x31\x38\x2e\x35\x39\x30\x33\x20\
\x31\x39\x2e\x39\x30\x38\x20\x31\x38\x2e\x37\x38\x32\x43\x31\x39\
\x2e\x34\x38\x30\x32\x20\x31\x39\x20\x31\x38\x2e\x39\x32\x30\x31\
\x20\x31\x39\x20\x31\x37\x2e\x38\x20\x31\x39\x48\x36\x2e\x32\x43\
\x35\x2e\x30\x37\x39\x38\x39\x20\x31\x39\x20\x34\x2e\x35\x31\x39\
\x38\x34\x20\x31\x39\x20\x34\x2e\x30\x39\x32\x30\x32\x20\x31\x38\
\x2e\x37\x38\x32\x43\x33\x2e\x37\x31\x35\x36\x39\x20\x31\x38\x2e\
\x35\x39\x30\x33\x20\x33\x2e\x34\x30\x39\x37\x33\x20\x31\x38\x2e\
\x32\x38\x34\x33\x20\x33\x2e\x32\x31\x37\x39\x39\x20\x31\x37\x2e\
\x39\x30\x38\x43\x33\x20\x31\x37\x2e\x34\x38\x30\x32\x20\x33\x20\
\x31\x36\x2e\x39\x32\x30\x31\x20\x33\x20\x31\x35\x2e\x38\x56\x38\
\x2e\x32\x5a\x22\x20\x73\x74\x72\x6f\x6b\x65\x3d\x22\x23\x66\x66\
\x66\x66\x66\x66\x22\x20\x73\x74\x72\x6f\x6b\x65\x2d\x77\x69\x64\
\x74\x68\x3d\x22\x32\x22\x20\x73\x74\x72\x6f\x6b\x65\x2d\x6c\x69\
\x6e\x65\x63\x61\x70\x3d\x22\x72\x6f\x75\x6e\x64\x22\x20\x73\x74\
\x72\x6f\x6b\x65\x2d\x6c\x69\x6e\x65\x6a\x6f\x69\x6e\x3d\x22\x72\
\x6f\x75\x6e\x64\x22\x20\x66\x69\x6c\x6c\x3d\x22\x23\x33\x66\x39\
\x63\x64\x35\x22\x2f\x3e\x0a\x3c\x2f\x73\x76\x67\x3e\
\x00\x00\x05\xfa\
\x3c\
\x73\x76\x67\x20\x78\x6d\x6c\x6e\x73\x3d\x22\x68\x74\x74\x70\x3a\
\x2f\x2f\x77\x77\x77\x2e\x77\x33\x2e\x6f\x72\x67\x2f\x32\x30\x30\
\x30\x2f\x73\x76\x67\x22\x20\x77\x69\x64\x74\x68\x3d\x22\x38\x30\
\x30\x70\x78\x22\x20\x68\x65\x69\x67\x68\x74\x3d\x22\x38\x30\x30\
\x70\x78\x22\x20\x76\x69\x65\x77\x42\x6f\x78\x3d\x22\x2d\x33\x20\
\x2d\x33\x20\x33\x30\x20\x33\x30\x22\x20\x66\x69\x6c\x6c\x3d\x22\
\x6e\x6f\x6e\x65\x22\x3e\x3c\x67\x20\x69\x64\x3d\x22\x64\x65\x65\
\x64\x69\x74\x6f\x72\x5f\x62\x67\x43\x61\x72\x72\x69\x65\x72\x22\
\x20\x73\x74\x72\x6f\x6b\x65\x2d\x77\x69\x64\x74\x68\x3d\x22\x30\
\x22\x3e\x0a\x20\x20\x20\x20\x3c\x72\x65\x63\x74\x20\x69\x64\x3d\
\x22\x64\x65\x65\x5f\x63\x5f\x65\x22\x20\x78\x3d\x22\x2d\x33\x22\
\x20\x79\x3d\x22\x2d\x33\x22\x20\x77\x69\x64\x74\x68\x3d\x22\x33\
\x30\x22\x20\x68\x65\x69\x67\x68\x74\x3d\x22\x33\x30\x22\x20\x72\
\x78\x3d\x22\x30\x22\x20\x66\x69\x6c\x6c\x3d\x22\x23\x34\x31\x34\
\x65\x36\x31\x22\x20\x73\x74\x72\x6f\x6b\x65\x77\x69\x64\x74\x68\
\x3d\x22\x30\x22\x2f\x3e\x0a\x20\x20\x3c\x2f\x67\x3e\x0a\x3c\x70\
\x61\x74\x68\x20\x64\x3d\x22\x4d\x37\x20\x35\x43\x37\x20\x36\x2e\
\x31\x30\x34\x35\x37\x20\x36\x2e\x31\x30\x34\x35\x37\x20\x37\x20\
\x35\x20\x37\x43\x33\x2e\x38\x39\x35\x34\x33\x20\x37\x20\x33\x20\
\x36\x2e\x31\x30\x34\x35\x37\x20\x33\x20\x35\x43\x33\x20\x33\x2e\
\x38\x39\x35\x34\x33\x20\x33\x2e\x38\x39\x35\x34\x33\x20\x33\x20\
\x35\x20\x33\x43\x36\x2e\x31\x30\x34\x35\x37\x20\x33\x20\x37\x20\
\x33\x2e\x38\x39\x35\x34\x33\x20\x37\x20\x35\x5a\x22\x20\x66\x69\
\x6c\x6c\x3d\x22\x23\x66\x66\x66\x66\x66\x66\x22\x2f\x3e\x0a\x3c\
\x70\x61\x74\x68\x20\x64\x3d\x22\x4d\x31\x34\x20\x35\x43\x31\x34\
\x20\x36\x2e\x31\x30\x34\x35\x37\x20\x31\x33\x2e\x31\x30\x34\x36\
\x20\x37\x20\x31\x32\x20\x37\x43\x31\x30\x2e\x38\x39\x35\x34\x20\
\x37\x20\x31\x30\x20\x36\x2e\x31\x30\x34\x35\x37\x20\x31\x30\x20\
\x35\x43\x31\x30\x20\x33\x2e\x38\x39\x35\x34\x33\x20\x31\x30\x2e\
\x38\x39\x35\x34\x20\x33\x20\x31\x32\x20\x33\x43\x31\x33\x2e\x31\
\x30\x34\x36\x20\x33\x20\x31\x34\x20\x33\x2e\x38\x39\x35\x34\x33\
\x20\x31\x34\x20\x35\x5a\x22\x20\x66\x69\x6c\x6c\x3d\x22\x23\x66\
\x66\x66\x66\x66\x66\x22\x2f\x3e\x0a\x3c\x70\x61\x74\x68\x20\x64\
\x3d\x22\x4d\x31\x39\x20\x37\x43\x32\x30\x2e\x31\x30\x34\x36\x20\
\x37\x20\x32\x31\x20\x36\x2e\x31\x30\x34\x35\x37\x20\x32\x31\x20\
\x35\x43\x32\x31\x20\x33\x2e\x38\x39\x35\x34\x33\x20\x32\x30\x2e\
\x31\x30\x34\x36\x20\x33\x20\x31\x39\x20\x33\x43\x31\x37\x2e\x38\
\x39\x35\x34\x20\x33\x20\x31\x37\x20\x33\x2e\x38\x39\x35\x34\x33\
\x20\x31\x37\x20\x35\x43\x31\x37\x20\x36\x2e\x31\x30\x34\x35\x37\
\x20\x31\x37\x2e\x38\x39\x35\x34\x20\x37\x20\x31\x39\x20\x37\x5a\
\x22\x20\x66\x69\x6c\x6c\x3d\x22\x23\x66\x66\x66\x66\x66\x66\x22\
\x2f\x3e\x0a\x3c\x70\x61\x74\x68\x20\x64\x3d\x22\x4d\x37\x20\x31\
\x32\x43\x37\x20\x31\x33\x2e\x31\x30\x34\x36\x20\x36\x2e\x31\x30\
\x34\x35\x37\x20\x31\x34\x20\x35\x20\x31\x34\x43\x33\x2e\x38\x39\
\x35\x34\x33\x20\x31\x34\x20\x33\x20\x31\x33\x2e\x31\x30\x34\x36\
\x20\x33\x20\x31\x32\x43\x33\x20\x31\x30\x2e\x38\x39\x35\x34\x20\
\x33\x2e\x38\x39\x35\x34\x33\x20\x31\x30\x20\x35\x20\x31\x30\x43\
\x36\x2e\x31\x30\x34\x35\x37\x20\x31\x30\x20\x37\x20\x31\x30\x2e\
\x38\x39\x35\x34\x20\x37\x20\x31\x32\x5a\x22\x20\x66\x69\x6c\x6c\
\x3d\x22\x23\x66\x66\x66\x66\x66\x66\x22\x2f\x3e\x0a\x3c\x70\x61\
\x74\x68\x20\x64\x3d\x22\x4d\x31\x32\x20\x31\x34\x43\x31\x33\x2e\
\x31\x30\x34\x36\x20\x31\x34\x20\x31\x34\x20\x31\x33\x2e\x31\x30\
\x34\x36\x20\x31\x34\x20\x31\x32\x43\x31\x34\x20\x31\x30\x2e\x38\
\x39\x35\x34\x20\x31\x33\x2e\x31\x30\x34\x36\x20\x31\x30\x20\x31\
\x32\x20\x31\x30\x43\x31\x30\x2e\x38\x39\x35\x34\x20\x31\x30\x20\
\x31\x30\x20\x31\x30\x2e\x38\x39\x35\x34\x20\x31\x30\x20\x31\x32\
\x43\x31\x30\x20\x31\x33\x2e\x31\x30\x34\x36\x20\x31\x30\x2e\x38\
\x39\x35\x34\x20\x31\x34\x20\x31\x32\x20\x31\x34\x5a\x22\x20\x66\
\x69\x6c\x6c\x3d\x22\x23\x66\x66\x66\x66\x66\x66\x22\x2f\x3e\x0a\
\x3c\x70\x61\x74\x68\x20\x64\x3d\x22\x4d\x32\x31\x20\x31\x32\x43\
\x32\x31\x20\x31\x33\x2e\x31\x30\x34\x36\x20\x32\x30\x2e\x31\x30\
\x34\x36\x20\x31\x34\x20\x31\x39\x20\x31\x34\x43\x31\x37\x2e\x38\
\x39\x35\x34\x20\x31\x34\x20\x31\x37\x20\x31\x33\x2e\x31\x30\x34\
\x36\x20\x31\x37\x20\x31\x32\x43\x31\x37\x20\x31\x30\x2e\x38\x39\
\x35\x34\x20\x31\x37\x2e\x38\x39\x35\x34\x20\x31\x30\x20\x31\x39\
\x20\x31\x30\x43\x32\x30\x2e\x31\x30\x34\x36\x20\x31\x30\x20\x32\
\x31\x20\x31\x30\x2e\x38\x39\x35\x34\x20\x32\x31\x20\x31\x32\x5a\
\x22\x20\x66\x69\x6c\x6c\x3d\x22\x23\x66\x66\x66\x66\x66\x66\x22\
\x2f\x3e\x0a\x3c\x70\x61\x74\x68\x20\x64\x3d\x22\x4d\x35\x20\x32\
\x31\x43\x36\x2e\x31\x30\x34\x35\x37\x20\x32\x31\x20\x37\x20\x32\
\x30\x2e\x31\x30\x34\x36\x20\x37\x20\x31\x39\x43\x37\x20\x31\x37\
\x2e\x38\x39\x35\x34\x20\x36\x2e\x31\x30\x34\x35\x37\x20\x31\x37\
\x20\x35\x20\x31\x37\x43\x33\x2e\x38\x39\x35\x34\x33\x20\x31\x37\
\x20\x33\x20\x31\x37\x2e\x38\x39\x35\x34\x20\x33\x20\x31\x39\x43\
\x33\x20\x32\x30\x2e\x31\x30\x34\x36\x20\x33\x2e\x38\x39\x35\x34\
\x33\x20\x32\x31\x20\x35\x20\x32\x31\x5a\x22\x20\x66\x69\x6c\x6c\
\x3d\x22\x23\x66\x66\x66\x66\x66\x66\x22\x2f\x3e\x0a\x3c\x70\x61\
\x74\x68\x20\x64\x3d\x22\x4d\x31\x34\x20\x31\x39\x43\x31\x34\x20\
\x32\x30\x2e\x31\x30\x34\x36\x20\x31\x33\x2e\x31\x30\x34\x36\x20\
\x32\x31\x20\x31\x32\x20\x32\x31\x43\x31\x30\x2e\x38\x39\x35\x34\
\x20\x32\x31\x20\x31\x30\x20\x32\x30\x2e\x31\x30\x34\x36\x20\x31\
\x30\x20\x31\x39\x43\x31\x30\x20\x31\x37\x2e\x38\x39\x35\x34\x20\
\x31\x30\x2e\x38\x39\x35\x34\x20\x31\x37\x20\x31\x32\x20\x31\x37\
\x43\x31\x33\x2e\x31\x30\x34\x36\x20\x31\x37\x20\x31\x34\x20\x31\
\x37\x2e\x38\x39\x35\x34\x20\x31\x34\x20\x31\x39\x5a\x22\x20\x66\
\x69\x6c\x6c\x3d\x22\x23\x66\x66\x66\x66\x66\x66\x22\x2f\x3e\x0a\
\x3c\x70\x61\x74\x68\x20\x64\x3d\x22\x4d\x31\x39\x20\x32\x31\x43\
\x32\x30\x2e\x31\x30\x34\x36\x20\x32\x31\x20\x32\x31\x20\x32\x30\
\x2e\x31\x30\x34\x36\x20\x32\x31\x20\x31\x39\x43\x32\x31\x20\x31\
\x37\x2e\x38\x39\x35\x34\x20\x32\x30\x2e\x31\x30\x34\x36\x20\x31\
\x37\x20\x31\x39\x20\x31\x37\x43\x31\x37\x2e\x38\x39\x35\x34\x20\
\x31\x37\x20\x31\x37\x20\x31\x37\x2e\x38\x39\x35\x34\x20\x31\x37\
\x20\x31\x39\x43\x31\x37\x20\x32\x30\x2e\x31\x30\x34\x36\x20\x31\
\x37\x2e\x38\x39\x35\x34\x20\x32\x31\x20\x31\x39\x20\x32\x31\x5a\
\x22\x20\x66\x69\x6c\x6c\x3d\x22\x23\x66\x66\x66\x66\x66\x66\x22\
\x2f\x3e\x0a\x3c\x2f\x73\x76\x67\x3e\
\x00\x00\x05\x60\
\x3c\
\x73\x76\x67\x20\x78\x6d\x6c\x6e\x73\x3d\x22\x68\x74\x74\x70\x3a\
\x2f\x2f\x77\x77\x77\x2e\x77\x33\x2e\x6f\x72\x67\x2f\x32\x30\x30\
\x30\x2f\x73\x76\x67\x22\x20\x78\x6d\x6c\x6e\x73\x3a\x78\x6c\x69\
\x6e\x6b\x3d\x22\x68\x74\x74\x70\x3a\x2f\x2f\x77\x77\x77\x2e\x77\
\x33\x2e\x6f\x72\x67\x2f\x31\x39\x39\x39\x2f\x78\x6c\x69\x6e\x6b\
\x22\x20\x76\x65\x72\x73\x69\x6f\x6e\x3d\x22\x31\x2e\x31\x22\x20\
\x69\x64\x3d\x22\x55\x70\x6c\x6f\x61\x64\x65\x64\x20\x74\x6f\x20\
\x73\x76\x67\x72\x65\x70\x6f\x2e\x63\x6f\x6d\x22\x20\x77\x69\x64\
\x74\x68\x3d\x22\x38\x30\x30\x70\x78\x22\x20\x68\x65\x69\x67\x68\
\x74\x3d\x22\x38\x30\x30\x70\x78\x22\x20\x76\x69\x65\x77\x42\x6f\
\x78\x3d\x22\x2d\x33\x20\x2d\x33\x20\x33\x38\x20\x33\x38\x22\x20\
\x78\x6d\x6c\x3a\x73\x70\x61\x63\x65\x3d\x22\x70\x72\x65\x73\x65\
\x72\x76\x65\x22\x20\x74\x72\x61\x6e\x73\x66\x6f\x72\x6d\x3d\x22\
\x6d\x61\x74\x72\x69\x78\x28\x31\x2c\x20\x30\x2c\x20\x30\x2c\x20\
\x31\x2c\x20\x30\x2c\x20\x30\x29\x22\x3e\x3c\x67\x20\x69\x64\x3d\
\x22\x64\x65\x65\x64\x69\x74\x6f\x72\x5f\x62\x67\x43\x61\x72\x72\
\x69\x65\x72\x22\x20\x73\x74\x72\x6f\x6b\x65\x2d\x77\x69\x64\x74\
\x68\x3d\x22\x30\x22\x3e\x0a\x20\x20\x20\x20\x3c\x72\x65\x63\x74\
\x20\x69\x64\x3d\x22\x64\x65\x65\x5f\x63\x5f\x65\x22\x20\x78\x3d\
\x22\x2d\x33\x22\x20\x79\x3d\x22\x2d\x33\x22\x20\x77\x69\x64\x74\
\x68\x3d\x22\x33\x38\x22\x20\x68\x65\x69\x67\x68\x74\x3d\x22\x33\
\x38\x22\x20\x72\x78\x3d\x22\x30\x22\x20\x66\x69\x6c\x6c\x3d\x22\
\x23\x34\x31\x34\x65\x36\x31\x22\x20\x73\x74\x72\x6f\x6b\x65\x77\
\x69\x64\x74\x68\x3d\x22\x30\x22\x2f\x3e\x0a\x20\x20\x3c\x2f\x67\
\x3e\x0a\x3c\x73\x74\x79\x6c\x65\x20\x74\x79\x70\x65\x3d\x22\x74\
\x65\x78\x74\x2f\x63\x73\x73\x22\x3e\x0a\x09\x2e\x6c\x69\x6e\x65\
\x73\x61\x6e\x64\x61\x6e\x67\x6c\x65\x73\x5f\x65\x65\x6e\x7b\x66\
\x69\x6c\x6c\x3a\x23\x66\x66\x66\x66\x66\x66\x3b\x7d\x0a\x3c\x2f\
\x73\x74\x79\x6c\x65\x3e\x0a\x3c\x70\x61\x74\x68\x20\x63\x6c\x61\
\x73\x73\x3d\x22\x6c\x69\x6e\x65\x73\x61\x6e\x64\x61\x6e\x67\x6c\
\x65\x73\x5f\x65\x65\x6e\x22\x20\x64\x3d\x22\x4d\x32\x37\x2e\x35\
\x32\x32\x2c\x32\x36\x2e\x39\x33\x36\x43\x32\x38\x2e\x34\x34\x2c\
\x32\x35\x2e\x38\x38\x32\x2c\x32\x39\x2c\x32\x34\x2e\x35\x30\x38\
\x2c\x32\x39\x2c\x32\x33\x63\x30\x2d\x33\x2e\x33\x31\x34\x2d\x32\
\x2e\x36\x38\x36\x2d\x36\x2d\x36\x2d\x36\x20\x20\x63\x2d\x30\x2e\
\x34\x38\x35\x2c\x30\x2d\x30\x2e\x39\x35\x31\x2c\x30\x2e\x30\x37\
\x34\x2d\x31\x2e\x34\x30\x33\x2c\x30\x2e\x31\x38\x33\x6c\x2d\x36\
\x2e\x37\x37\x39\x2d\x36\x2e\x37\x37\x39\x43\x31\x34\x2e\x39\x32\
\x36\x2c\x39\x2e\x39\x35\x31\x2c\x31\x35\x2c\x39\x2e\x34\x38\x35\
\x2c\x31\x35\x2c\x39\x63\x30\x2d\x33\x2e\x33\x31\x34\x2d\x32\x2e\
\x36\x38\x36\x2d\x36\x2d\x36\x2d\x36\x43\x37\x2e\x34\x39\x32\x2c\
\x33\x2c\x36\x2e\x31\x31\x38\x2c\x33\x2e\x35\x36\x2c\x35\x2e\x30\
\x36\x34\x2c\x34\x2e\x34\x37\x38\x20\x20\x4c\x38\x2e\x35\x38\x36\
\x2c\x38\x4c\x38\x2c\x38\x2e\x35\x38\x36\x4c\x34\x2e\x34\x37\x38\
\x2c\x35\x2e\x30\x36\x34\x43\x33\x2e\x35\x36\x2c\x36\x2e\x31\x31\
\x38\x2c\x33\x2c\x37\x2e\x34\x39\x32\x2c\x33\x2c\x39\x63\x30\x2c\
\x33\x2e\x33\x31\x34\x2c\x32\x2e\x36\x38\x36\x2c\x36\x2c\x36\x2c\
\x36\x63\x30\x2e\x34\x38\x35\x2c\x30\x2c\x30\x2e\x39\x35\x31\x2d\
\x30\x2e\x30\x37\x34\x2c\x31\x2e\x34\x30\x33\x2d\x30\x2e\x31\x38\
\x33\x6c\x36\x2e\x37\x37\x39\x2c\x36\x2e\x37\x37\x39\x20\x20\x43\
\x31\x37\x2e\x30\x37\x34\x2c\x32\x32\x2e\x30\x34\x39\x2c\x31\x37\
\x2c\x32\x32\x2e\x35\x31\x35\x2c\x31\x37\x2c\x32\x33\x63\x30\x2c\
\x33\x2e\x33\x31\x34\x2c\x32\x2e\x36\x38\x36\x2c\x36\x2c\x36\x2c\
\x36\x63\x31\x2e\x35\x30\x38\x2c\x30\x2c\x32\x2e\x38\x38\x32\x2d\
\x30\x2e\x35\x36\x2c\x33\x2e\x39\x33\x36\x2d\x31\x2e\x34\x37\x38\
\x4c\x32\x33\x2e\x34\x31\x34\x2c\x32\x34\x4c\x32\x34\x2c\x32\x33\
\x2e\x34\x31\x34\x4c\x32\x37\x2e\x35\x32\x32\x2c\x32\x36\x2e\x39\
\x33\x36\x7a\x20\x20\x20\x4d\x32\x33\x2e\x35\x33\x37\x2c\x32\x36\
\x2e\x39\x35\x31\x43\x32\x33\x2e\x33\x36\x31\x2c\x32\x36\x2e\x39\
\x37\x36\x2c\x32\x33\x2e\x31\x38\x34\x2c\x32\x37\x2c\x32\x33\x2c\
\x32\x37\x63\x2d\x32\x2e\x32\x30\x36\x2c\x30\x2d\x34\x2d\x31\x2e\
\x37\x39\x34\x2d\x34\x2d\x34\x63\x30\x2d\x30\x2e\x36\x39\x34\x2c\
\x30\x2e\x31\x39\x34\x2d\x31\x2e\x33\x33\x38\x2c\x30\x2e\x35\x30\
\x36\x2d\x31\x2e\x39\x30\x38\x6c\x2d\x38\x2e\x35\x39\x39\x2d\x38\
\x2e\x35\x39\x39\x20\x20\x43\x31\x30\x2e\x33\x33\x38\x2c\x31\x32\
\x2e\x38\x30\x36\x2c\x39\x2e\x36\x39\x34\x2c\x31\x33\x2c\x39\x2c\
\x31\x33\x63\x2d\x32\x2e\x32\x30\x36\x2c\x30\x2d\x34\x2d\x31\x2e\
\x37\x39\x34\x2d\x34\x2d\x34\x63\x30\x2d\x30\x2e\x31\x38\x34\x2c\
\x30\x2e\x30\x32\x34\x2d\x30\x2e\x33\x36\x31\x2c\x30\x2e\x30\x34\
\x39\x2d\x30\x2e\x35\x33\x37\x4c\x38\x2c\x31\x31\x2e\x34\x31\x34\
\x4c\x31\x31\x2e\x34\x31\x34\x2c\x38\x4c\x38\x2e\x34\x36\x33\x2c\
\x35\x2e\x30\x34\x39\x20\x20\x43\x38\x2e\x36\x33\x39\x2c\x35\x2e\
\x30\x32\x34\x2c\x38\x2e\x38\x31\x36\x2c\x35\x2c\x39\x2c\x35\x63\
\x32\x2e\x32\x30\x36\x2c\x30\x2c\x34\x2c\x31\x2e\x37\x39\x34\x2c\
\x34\x2c\x34\x63\x30\x2c\x30\x2e\x36\x39\x34\x2d\x30\x2e\x31\x39\
\x34\x2c\x31\x2e\x33\x33\x38\x2d\x30\x2e\x35\x30\x36\x2c\x31\x2e\
\x39\x30\x38\x6c\x38\x2e\x35\x39\x39\x2c\x38\x2e\x35\x39\x39\x43\
\x32\x31\x2e\x36\x36\x32\x2c\x31\x39\x2e\x31\x39\x34\x2c\x32\x32\
\x2e\x33\x30\x36\x2c\x31\x39\x2c\x32\x33\x2c\x31\x39\x20\x20\x63\
\x32\x2e\x32\x30\x36\x2c\x30\x2c\x34\x2c\x31\x2e\x37\x39\x34\x2c\
\x34\x2c\x34\x63\x30\x2c\x30\x2e\x31\x38\x34\x2d\x30\x2e\x30\x32\
\x34\x2c\x30\x2e\x33\x36\x31\x2d\x30\x2e\x30\x34\x39\x2c\x30\x2e\
\x35\x33\x37\x4c\x32\x34\x2c\x32\x30\x2e\x35\x38\x36\x4c\x32\x30\
\x2e\x35\x38\x36\x2c\x32\x34\x4c\x32\x33\x2e\x35\x33\x37\x2c\x32\
\x36\x2e\x39\x35\x31\x7a\x22\x20\x66\x69\x6c\x6c\x3d\x22\x23\x66\
\x66\x66\x66\x66\x66\x22\x2f\x3e\x0a\x3c\x2f\x73\x76\x67\x3e\
\x00\x00\x02\x54\
\x3c\
\x73\x76\x67\x20\x78\x6d\x6c\x6e\x73\x3d\x22\x68\x74\x74\x70\x3a\
\x2f\x2f\x77\x77\x77\x2e\x77\x33\x2e\x6f\x72\x67\x2f\x32\x30\x30\
\x30\x2f\x73\x76\x67\x22\x20\x77\x69\x64\x74\x68\x3d\x22\x38\x30\
\x30\x70\x78\x22\x20\x68\x65\x69\x67\x68\x74\x3d\x22\x38\x30\x30\
\x70\x78\x22\x20\x76\x69\x65\x77\x42\x6f\x78\x3d\x22\x2d\x33\x20\
\x2d\x33\x20\x33\x30\x20\x33\x30\x22\x3e\x3c\x67\x20\x69\x64\x3d\
\x22\x64\x65\x65\x64\x69\x74\x6f\x72\x5f\x62\x67\x43\x61\x72\x72\
\x69\x65\x72\x22\x20\x73\x74\x72\x6f\x6b\x65\x2d\x77\x69\x64\x74\
\x68\x3d\x22\x30\x22\x3e\x0a\x20\x20\x20\x20\x3c\x72\x65\x63\x74\
\x20\x69\x64\x3d\x22\x64\x65\x65\x5f\x63\x5f\x65\x22\x20\x78\x3d\
\x22\x2d\x33\x22\x20\x79\x3d\x22\x2d\x33\x22\x20\x77\x69\x64\x74\
\x68\x3d\x22\x33\x30\x22\x20\x68\x65\x69\x67\x68\x74\x3d\x22\x33\
\x30\x22\x20\x72\x78\x3d\x22\x30\x22\x20\x66\x69\x6c\x6c\x3d\x22\
\x23\x33\x66\x39\x63\x64\x35\x22\x20\x73\x74\x72\x6f\x6b\x65\x77\
\x69\x64\x74\x68\x3d\x22\x30\x22\x2f\x3e\x0a\x20\x20\x3c\x2f\x67\
\x3e\x0a\x20\x20\x3c\x74\x69\x74\x6c\x65\x3e\x67\x72\x61\x73\x73\
\x3c\x2f\x74\x69\x74\x6c\x65\x3e\x0a\x20\x20\x3c\x70\x61\x74\x68\
\x20\x64\x3d\x22\x4d\x35\x2c\x32\x63\x2e\x38\x32\x2e\x38\x32\x2c\
\x35\x2e\x36\x31\x2c\x32\x2e\x38\x38\x2c\x36\x2c\x31\x38\x2c\x30\
\x2c\x2e\x36\x35\x2c\x30\x2c\x31\x2e\x33\x31\x2c\x30\x2c\x32\x68\
\x33\x43\x31\x34\x2c\x32\x2e\x31\x32\x2c\x37\x2c\x32\x2c\x35\x2c\
\x32\x5a\x4d\x31\x39\x2c\x35\x61\x37\x2c\x37\x2c\x30\x2c\x30\x2c\
\x30\x2d\x35\x2e\x35\x36\x2c\x33\x2c\x31\x36\x2e\x33\x2c\x31\x36\
\x2e\x33\x2c\x30\x2c\x30\x2c\x31\x2c\x31\x2e\x31\x32\x2c\x34\x43\
\x31\x35\x2e\x37\x34\x2c\x36\x2e\x37\x39\x2c\x31\x38\x2e\x33\x39\
\x2c\x35\x2e\x36\x31\x2c\x31\x39\x2c\x35\x5a\x4d\x32\x2c\x39\x63\
\x2e\x37\x37\x2e\x37\x37\x2c\x34\x2e\x37\x32\x2c\x33\x2e\x30\x39\
\x2c\x35\x2c\x31\x32\x2c\x30\x2c\x2e\x33\x32\x2c\x30\x2c\x2e\x36\
\x36\x2c\x30\x2c\x31\x68\x33\x43\x31\x30\x2c\x31\x33\x2e\x35\x32\
\x2c\x37\x2e\x35\x2c\x39\x2e\x32\x32\x2c\x32\x2c\x39\x5a\x4d\x32\
\x32\x2c\x39\x63\x2d\x32\x2c\x30\x2d\x37\x2c\x32\x2e\x32\x35\x2d\
\x37\x2c\x31\x33\x68\x33\x43\x31\x38\x2c\x31\x33\x2c\x32\x31\x2e\
\x31\x32\x2c\x39\x2e\x38\x38\x2c\x32\x32\x2c\x39\x5a\x22\x20\x66\
\x69\x6c\x6c\x3d\x22\x23\x66\x66\x66\x66\x66\x66\x22\x2f\x3e\x0a\
\x20\x20\x3c\x72\x65\x63\x74\x20\x77\x69\x64\x74\x68\x3d\x22\x32\
\x34\x22\x20\x68\x65\x69\x67\x68\x74\x3d\x22\x32\x34\x22\x20\x66\
\x69\x6c\x6c\x3d\x22\x6e\x6f\x6e\x65\x22\x2f\x3e\x0a\x3c\x2f\x73\
\x76\x67\x3e\
\x00\x00\x03\x7d\
\x3c\
\x73\x76\x67\x20\x78\x6d\x6c\x6e\x73\x3a\x64\x63\x3d\x22\x68\x74\
\x74\x70\x3a\x2f\x2f\x70\x75\x72\x6c\x2e\x6f\x72\x67\x2f\x64\x63\
\x2f\x65\x6c\x65\x6d\x65\x6e\x74\x73\x2f\x31\x2e\x31\x2f\x22\x20\
\x78\x6d\x6c\x6e\x73\x3a\x63\x63\x3d\x22\x68\x74\x74\x70\x3a\x2f\
\x2f\x63\x72\x65\x61\x74\x69\x76\x65\x63\x6f\x6d\x6d\x6f\x6e\x73\
\x2e\x6f\x72\x67\x2f\x6e\x73\x23\x22\x20\x78\x6d\x6c\x6e\x73\x3a\
\x72\x64\x66\x3d\x22\x68\x74\x74\x70\x3a\x2f\x2f\x77\x77\x77\x2e\
\x77\x33\x2e\x6f\x72\x67\x2f\x31\x39\x39\x39\x2f\x30\x32\x2f\x32\
\x32\x2d\x72\x64\x66\x2d\x73\x79\x6e\x74\x61\x78\x2d\x6e\x73\x23\
\x22\x20\x78\x6d\x6c\x6e\x73\x3a\x73\x76\x67\x3d\x22\x68\x74\x74\
\x70\x3a\x2f\x2f\x77\x77\x77\x2e\x77\x33\x2e\x6f\x72\x67\x2f\x32\
\x30\x30\x30\x2f\x73\x76\x67\x22\x20\x78\x6d\x6c\x6e\x73\x3a\x73\
\x6f\x64\x69\x70\x6f\x64\x69\x3d\x22\x68\x74\x74\x70\x3a\x2f\x2f\
\x73\x6f\x64\x69\x70\x6f\x64\x69\x2e\x73\x6f\x75\x72\x63\x65\x66\
\x6f\x72\x67\x65\x2e\x6e\x65\x74\x2f\x44\x54\x44\x2f\x73\x6f\x64\
\x69\x70\x6f\x64\x69\x2d\x30\x2e\x64\x74\x64\x22\x20\x78\x6d\x6c\
\x6e\x73\x3a\x69\x6e\x6b\x73\x63\x61\x70\x65\x3d\x22\x68\x74\x74\
\x70\x3a\x2f\x2f\x77\x77\x77\x2e\x69\x6e\x6b\x73\x63\x61\x70\x65\
\x2e\x6f\x72\x67\x2f\x6e\x61\x6d\x65\x73\x70\x61\x63\x65\x73\x2f\
\x69\x6e\x6b\x73\x63\x61\x70\x65\x22\x20\x78\x6d\x6c\x6e\x73\x3d\
\x22\x68\x74\x74\x70\x3a\x2f\x2f\x77\x77\x77\x2e\x77\x33\x2e\x6f\
\x72\x67\x2f\x32\x30\x30\x30\x2f\x73\x76\x67\x22\x20\x78\x6d\x6c\
\x6e\x73\x3a\x78\x6c\x69\x6e\x6b\x3d\x22\x68\x74\x74\x70\x3a\x2f\
\x2f\x77\x77\x77\x2e\x77\x33\x2e\x6f\x72\x67\x2f\x31\x39\x39\x39\
\x2f\x78\x6c\x69\x6e\x6b\x22\x20\x76\x65\x72\x73\x69\x6f\x6e\x3d\
\x22\x31\x2e\x31\x22\x20\x69\x64\x3d\x22\x73\x76\x67\x32\x22\x20\
\x73\x6f\x64\x69\x70\x6f\x64\x69\x3a\x64\x6f\x63\x6e\x61\x6d\x65\
\x3d\x22\x6c\x69\x6e\x65\x73\x2e\x73\x76\x67\x22\x20\x69\x6e\x6b\
\x73\x63\x61\x70\x65\x3a\x76\x65\x72\x73\x69\x6f\x6e\x3d\x22\x30\
\x2e\x34\x38\x2e\x34\x20\x72\x39\x39\x33\x39\x22\x20\x77\x69\x64\
\x74\x68\x3d\x22\x38\x30\x30\x70\x78\x22\x20\x68\x65\x69\x67\x68\
\x74\x3d\x22\x38\x30\x30\x70\x78\x22\x20\x76\x69\x65\x77\x42\x6f\
\x78\x3d\x22\x2d\x33\x20\x2d\x33\x20\x31\x32\x30\x36\x20\x31\x32\
\x30\x36\x22\x20\x65\x6e\x61\x62\x6c\x65\x2d\x62\x61\x63\x6b\x67\
\x72\x6f\x75\x6e\x64\x3d\x22\x6e\x65\x77\x20\x30\x20\x30\x20\x31\
\x32\x30\x30\x20\x31\x32\x30\x30\x22\x20\x78\x6d\x6c\x3a\x73\x70\
\x61\x63\x65\x3d\x22\x70\x72\x65\x73\x65\x72\x76\x65\x22\x3e\x3c\
\x67\x20\x69\x64\x3d\x22\x64\x65\x65\x64\x69\x74\x6f\x72\x5f\x62\
\x67\x43\x61\x72\x72\x69\x65\x72\x22\x20\x73\x74\x72\x6f\x6b\x65\
\x2d\x77\x69\x64\x74\x68\x3d\x22\x30\x22\x3e\x0a\x20\x20\x20\x20\
\x3c\x72\x65\x63\x74\x20\x69\x64\x3d\x22\x64\x65\x65\x5f\x63\x5f\
\x65\x22\x20\x78\x3d\x22\x2d\x33\x22\x20\x79\x3d\x22\x2d\x33\x22\
\x20\x77\x69\x64\x74\x68\x3d\x22\x31\x32\x30\x36\x22\x20\x68\x65\
\x69\x67\x68\x74\x3d\x22\x31\x32\x30\x36\x22\x20\x72\x78\x3d\x22\
\x30\x22\x20\x66\x69\x6c\x6c\x3d\x22\x23\x33\x35\x34\x30\x35\x32\
\x22\x20\x73\x74\x72\x6f\x6b\x65\x77\x69\x64\x74\x68\x3d\x22\x30\
\x22\x2f\x3e\x0a\x20\x20\x3c\x2f\x67\x3e\x0a\x3c\x70\x61\x74\x68\
\x20\x69\x64\x3d\x22\x72\x65\x63\x74\x33\x30\x33\x39\x22\x20\x69\
\x6e\x6b\x73\x63\x61\x70\x65\x3a\x63\x6f\x6e\x6e\x65\x63\x74\x6f\
\x72\x2d\x63\x75\x72\x76\x61\x74\x75\x72\x65\x3d\x22\x30\x22\x20\
\x64\x3d\x22\x4d\x30\x2c\x30\x76\x32\x34\x30\x68\x31\x32\x30\x30\
\x56\x30\x48\x30\x7a\x20\x4d\x30\x2c\x34\x38\x30\x76\x32\x34\x30\
\x68\x31\x32\x30\x30\x56\x34\x38\x30\x48\x30\x7a\x20\x4d\x30\x2c\
\x39\x36\x30\x76\x32\x34\x30\x68\x31\x32\x30\x30\x56\x39\x36\x30\
\x48\x30\x7a\x22\x20\x66\x69\x6c\x6c\x3d\x22\x23\x66\x66\x66\x66\
\x66\x66\x22\x2f\x3e\x0a\x3c\x2f\x73\x76\x67\x3e\
\x00\x00\x02\x54\
\x3c\
\x73\x76\x67\x20\x78\x6d\x6c\x6e\x73\x3d\x22\x68\x74\x74\x70\x3a\
\x2f\x2f\x77\x77\x77\x2e\x77\x33\x2e\x6f\x72\x67\x2f\x32\x30\x30\
\x30\x2f\x73\x76\x67\x22\x20\x77\x69\x64\x74\x68\x3d\x22\x38\x30\
\x30\x70\x78\x22\x20\x68\x65\x69\x67\x68\x74\x3d\x22\x38\x30\x30\
\x70\x78\x22\x20\x76\x69\x65\x77\x42\x6f\x78\x3d\x22\x2d\x33\x20\
\x2d\x33\x20\x33\x30\x20\x33\x30\x22\x3e\x3c\x67\x20\x69\x64\x3d\
\x22\x64\x65\x65\x64\x69\x74\x6f\x72\x5f\x62\x67\x43\x61\x72\x72\
\x69\x65\x72\x22\x20\x73\x74\x72\x6f\x6b\x65\x2d\x77\x69\x64\x74\
\x68\x3d\x22\x30\x22\x3e\x0a\x20\x20\x20\x20\x3c\x72\x65\x63\x74\
\x20\x69\x64\x3d\x22\x64\x65\x65\x5f\x63\x5f\x65\x22\x20\x78\x3d\
\x22\x2d\x33\x22\x20\x79\x3d\x22\x2d\x33\x22\x20\x77\x69\x64\x74\
\x68\x3d\x22\x33\x30\x22\x20\x68\x65\x69\x67\x68\x74\x3d\x22\x33\
\x30\x22\x20\x72\x78\x3d\x22\x30\x22\x20\x66\x69\x6c\x6c\x3d\x22\
\x23\x34\x31\x34\x65\x36\x31\x22\x20\x73\x74\x72\x6f\x6b\x65\x77\
\x69\x64\x74\x68\x3d\x22\x30\x22\x2f\x3e\x0a\x20\x20\x3c\x2f\x67\
\x3e\x0a\x20\x20\x3c\x74\x69\x74\x6c\x65\x3e\x67\x72\x61\x73\x73\
\x3c\x2f\x74\x69\x74\x6c\x65\x3e\x0a\x20\x20\x3c\x70\x61\x74\x68\
\x20\x64\x3d\x22\x4d\x35\x2c\x32\x63\x2e\x38\x32\x2e\x38\x32\x2c\
\x35\x2e\x36\x31\x2c\x32\x2e\x38\x38\x2c\x36\x2c\x31\x38\x2c\x30\
\x2c\x2e\x36\x35\x2c\x30\x2c\x31\x2e\x33\x31\x2c\x30\x2c\x32\x68\
\x33\x43\x31\x34\x2c\x32\x2e\x31\x32\x2c\x37\x2c\x32\x2c\x35\x2c\
\x32\x5a\x4d\x31\x39\x2c\x35\x61\x37\x2c\x37\x2c\x30\x2c\x30\x2c\
\x30\x2d\x35\x2e\x35\x36\x2c\x33\x2c\x31\x36\x2e\x33\x2c\x31\x36\
\x2e\x33\x2c\x30\x2c\x30\x2c\x31\x2c\x31\x2e\x31\x32\x2c\x34\x43\
\x31\x35\x2e\x37\x34\x2c\x36\x2e\x37\x39\x2c\x31\x38\x2e\x33\x39\
\x2c\x35\x2e\x36\x31\x2c\x31\x39\x2c\x35\x5a\x4d\x32\x2c\x39\x63\
\x2e\x37\x37\x2e\x37\x37\x2c\x34\x2e\x37\x32\x2c\x33\x2e\x30\x39\
\x2c\x35\x2c\x31\x32\x2c\x30\x2c\x2e\x33\x32\x2c\x30\x2c\x2e\x36\
\x36\x2c\x30\x2c\x31\x68\x33\x43\x31\x30\x2c\x31\x33\x2e\x35\x32\
\x2c\x37\x2e\x35\x2c\x39\x2e\x32\x32\x2c\x32\x2c\x39\x5a\x4d\x32\
\x32\x2c\x39\x63\x2d\x32\x2c\x30\x2d\x37\x2c\x32\x2e\x32\x35\x2d\
\x37\x2c\x31\x33\x68\x33\x43\x31\x38\x2c\x31\x33\x2c\x32\x31\x2e\
\x31\x32\x2c\x39\x2e\x38\x38\x2c\x32\x32\x2c\x39\x5a\x22\x20\x66\
\x69\x6c\x6c\x3d\x22\x23\x66\x66\x66\x66\x66\x66\x22\x2f\x3e\x0a\
\x20\x20\x3c\x72\x65\x63\x74\x20\x77\x69\x64\x74\x68\x3d\x22\x32\
\x34\x22\x20\x68\x65\x69\x67\x68\x74\x3d\x22\x32\x34\x22\x20\x66\
\x69\x6c\x6c\x3d\x22\x6e\x6f\x6e\x65\x22\x2f\x3e\x0a\x3c\x2f\x73\
\x76\x67\x3e\
\x00\x00\x03\x31\
\x3c\
\x73\x76\x67\x20\x78\x6d\x6c\x6e\x73\x3d\x22\x68\x74\x74\x70\x3a\
\x2f\x2f\x77\x77\x77\x2e\x77\x33\x2e\x6f\x72\x67\x2f\x32\x30\x30\
\x30\x2f\x73\x76\x67\x22\x20\x78\x6d\x6c\x6e\x73\x3a\x78\x6c\x69\
\x6e\x6b\x3d\x22\x68\x74\x74\x70\x3a\x2f\x2f\x77\x77\x77\x2e\x77\
\x33\x2e\x6f\x72\x67\x2f\x31\x39\x39\x39\x2f\x78\x6c\x69\x6e\x6b\
\x22\x20\x76\x65\x72\x73\x69\x6f\x6e\x3d\x22\x31\x2e\x30\x22\x20\
\x69\x64\x3d\x22\x4c\x61\x79\x65\x72\x5f\x31\x22\x20\x77\x69\x64\
\x74\x68\x3d\x22\x38\x30\x30\x70\x78\x22\x20\x68\x65\x69\x67\x68\
\x74\x3d\x22\x38\x30\x30\x70\x78\x22\x20\x76\x69\x65\x77\x42\x6f\
\x78\x3d\x22\x2d\x33\x20\x2d\x33\x20\x37\x30\x20\x37\x30\x22\x20\
\x65\x6e\x61\x62\x6c\x65\x2d\x62\x61\x63\x6b\x67\x72\x6f\x75\x6e\
\x64\x3d\x22\x6e\x65\x77\x20\x30\x20\x30\x20\x36\x34\x20\x36\x34\
\x22\x20\x78\x6d\x6c\x3a\x73\x70\x61\x63\x65\x3d\x22\x70\x72\x65\
\x73\x65\x72\x76\x65\x22\x3e\x3c\x67\x20\x69\x64\x3d\x22\x64\x65\
\x65\x64\x69\x74\x6f\x72\x5f\x62\x67\x43\x61\x72\x72\x69\x65\x72\
\x22\x20\x73\x74\x72\x6f\x6b\x65\x2d\x77\x69\x64\x74\x68\x3d\x22\
\x30\x22\x3e\x0a\x20\x20\x20\x20\x3c\x72\x65\x63\x74\x20\x69\x64\
\x3d\x22\x64\x65\x65\x5f\x63\x5f\x65\x22\x20\x78\x3d\x22\x2d\x33\
\x22\x20\x79\x3d\x22\x2d\x33\x22\x20\x77\x69\x64\x74\x68\x3d\x22\
\x37\x30\x22\x20\x68\x65\x69\x67\x68\x74\x3d\x22\x37\x30\x22\x20\
\x72\x78\x3d\x22\x30\x22\x20\x66\x69\x6c\x6c\x3d\x22\x23\x33\x66\
\x39\x63\x64\x35\x22\x20\x73\x74\x72\x6f\x6b\x65\x77\x69\x64\x74\
\x68\x3d\x22\x30\x22\x2f\x3e\x0a\x20\x20\x3c\x2f\x67\x3e\x0a\x3c\
\x72\x65\x63\x74\x20\x78\x3d\x22\x31\x22\x20\x79\x3d\x22\x31\x22\
\x20\x66\x69\x6c\x6c\x3d\x22\x6e\x6f\x6e\x65\x22\x20\x73\x74\x72\
\x6f\x6b\x65\x3d\x22\x23\x66\x66\x66\x66\x66\x66\x22\x20\x73\x74\
\x72\x6f\x6b\x65\x2d\x77\x69\x64\x74\x68\x3d\x22\x32\x22\x20\x73\
\x74\x72\x6f\x6b\x65\x2d\x6d\x69\x74\x65\x72\x6c\x69\x6d\x69\x74\
\x3d\x22\x31\x30\x22\x20\x77\x69\x64\x74\x68\x3d\x22\x36\x32\x22\
\x20\x68\x65\x69\x67\x68\x74\x3d\x22\x31\x34\x22\x2f\x3e\x0a\x3c\
\x72\x65\x63\x74\x20\x78\x3d\x22\x31\x22\x20\x79\x3d\x22\x31\x35\
\x22\x20\x66\x69\x6c\x6c\x3d\x22\x6e\x6f\x6e\x65\x22\x20\x73\x74\
\x72\x6f\x6b\x65\x3d\x22\x23\x66\x66\x66\x66\x66\x66\x22\x20\x73\
\x74\x72\x6f\x6b\x65\x2d\x77\x69\x64\x74\x68\x3d\x22\x32\x22\x20\
\x73\x74\x72\x6f\x6b\x65\x2d\x6d\x69\x74\x65\x72\x6c\x69\x6d\x69\
\x74\x3d\x22\x31\x30\x22\x20\x77\x69\x64\x74\x68\x3d\x22\x36\x32\
\x22\x20\x68\x65\x69\x67\x68\x74\x3d\x22\x34\x38\x22\x2f\x3e\x0a\
\x3c\x6c\x69\x6e\x65\x20\x66\x69\x6c\x6c\x3d\x22\x6e\x6f\x6e\x65\
\x22\x20\x73\x74\x72\x6f\x6b\x65\x3d\x22\x23\x66\x66\x66\x66\x66\
\x66\x22\x20\x73\x74\x72\x6f\x6b\x65\x2d\x77\x69\x64\x74\x68\x3d\
\x22\x32\x22\x20\x73\x74\x72\x6f\x6b\x65\x2d\x6d\x69\x74\x65\x72\
\x6c\x69\x6d\x69\x74\x3d\x22\x31\x30\x22\x20\x78\x31\x3d\x22\x32\
\x32\x22\x20\x79\x31\x3d\x22\x31\x35\x22\x20\x78\x32\x3d\x22\x32\
\x32\x22\x20\x79\x32\x3d\x22\x36\x33\x22\x2f\x3e\x0a\x3c\x6c\x69\
\x6e\x65\x20\x66\x69\x6c\x6c\x3d\x22\x6e\x6f\x6e\x65\x22\x20\x73\
\x74\x72\x6f\x6b\x65\x3d\x22\x23\x66\x66\x66\x66\x66\x66\x22\x20\
\x73\x74\x72\x6f\x6b\x65\x2d\x77\x69\x64\x74\x68\x3d\x22\x32\x22\
\x20\x73\x74\x72\x6f\x6b\x65\x2d\x6d\x69\x74\x65\x72\x6c\x69\x6d\
\x69\x74\x3d\x22\x31\x30\x22\x20\x78\x31\x3d\x22\x32\x32\x22\x20\
\x79\x31\x3d\x22\x33\x38\x22\x20\x78\x32\x3d\x22\x36\x33\x22\x20\
\x79\x32\x3d\x22\x33\x38\x22\x2f\x3e\x0a\x3c\x2f\x73\x76\x67\x3e\
\
\x00\x00\x03\x53\
\x3c\
\x3f\x78\x6d\x6c\x20\x76\x65\x72\x73\x69\x6f\x6e\x3d\x22\x31\x2e\
\x30\x22\x20\x65\x6e\x63\x6f\x64\x69\x6e\x67\x3d\x22\x75\x74\x66\
\x2d\x38\x22\x3f\x3e\x3c\x21\x2d\x2d\x20\x55\x70\x6c\x6f\x61\x64\
\x65\x64\x20\x74\x6f\x3a\x20\x53\x56\x47\x20\x52\x65\x70\x6f\x2c\
\x20\x77\x77\x77\x2e\x73\x76\x67\x72\x65\x70\x6f\x2e\x63\x6f\x6d\
\x2c\x20\x47\x65\x6e\x65\x72\x61\x74\x6f\x72\x3a\x20\x53\x56\x47\
\x20\x52\x65\x70\x6f\x20\x4d\x69\x78\x65\x72\x20\x54\x6f\x6f\x6c\
\x73\x20\x2d\x2d\x3e\x0a\x3c\x73\x76\x67\x20\x66\x69\x6c\x6c\x3d\
\x22\x23\x30\x30\x30\x30\x30\x30\x22\x20\x77\x69\x64\x74\x68\x3d\
\x22\x38\x30\x30\x70\x78\x22\x20\x68\x65\x69\x67\x68\x74\x3d\x22\
\x38\x30\x30\x70\x78\x22\x20\x76\x69\x65\x77\x42\x6f\x78\x3d\x22\
\x30\x20\x30\x20\x31\x34\x20\x31\x34\x22\x20\x72\x6f\x6c\x65\x3d\
\x22\x69\x6d\x67\x22\x20\x66\x6f\x63\x75\x73\x61\x62\x6c\x65\x3d\
\x22\x66\x61\x6c\x73\x65\x22\x20\x61\x72\x69\x61\x2d\x68\x69\x64\
\x64\x65\x6e\x3d\x22\x74\x72\x75\x65\x22\x20\x78\x6d\x6c\x6e\x73\
\x3d\x22\x68\x74\x74\x70\x3a\x2f\x2f\x77\x77\x77\x2e\x77\x33\x2e\
\x6f\x72\x67\x2f\x32\x30\x30\x30\x2f\x73\x76\x67\x22\x3e\x3c\x70\
\x61\x74\x68\x20\x64\x3d\x22\x6d\x20\x39\x2e\x34\x31\x38\x32\x30\
\x35\x2c\x37\x2e\x31\x34\x31\x38\x20\x63\x20\x30\x2e\x34\x31\x35\
\x34\x32\x2c\x2d\x30\x2e\x33\x37\x38\x35\x20\x30\x2e\x38\x37\x36\
\x39\x39\x2c\x2d\x30\x2e\x35\x35\x33\x39\x20\x31\x2e\x32\x37\x33\
\x39\x34\x2c\x2d\x30\x2e\x35\x35\x33\x39\x20\x30\x2e\x36\x35\x35\
\x34\x33\x2c\x30\x20\x30\x2e\x39\x39\x36\x39\x39\x2c\x30\x2e\x32\
\x38\x36\x32\x20\x30\x2e\x39\x39\x36\x39\x39\x2c\x30\x2e\x38\x39\
\x35\x34\x20\x30\x2c\x30\x2e\x34\x38\x39\x33\x20\x2d\x30\x2e\x33\
\x35\x30\x37\x39\x2c\x31\x2e\x30\x31\x35\x35\x20\x2d\x31\x2e\x30\
\x31\x35\x34\x36\x2c\x31\x2e\x36\x39\x38\x36\x20\x6c\x20\x2d\x31\
\x2e\x36\x33\x33\x39\x36\x2c\x31\x2e\x36\x36\x31\x37\x20\x30\x2c\
\x30\x2e\x39\x35\x30\x38\x20\x33\x2e\x38\x38\x36\x34\x33\x2c\x30\
\x20\x30\x2c\x2d\x31\x2e\x30\x33\x33\x39\x20\x2d\x32\x2e\x34\x32\
\x37\x38\x36\x2c\x30\x20\x31\x2e\x31\x30\x37\x37\x37\x2c\x2d\x31\
\x2e\x30\x34\x33\x32\x20\x63\x20\x30\x2e\x38\x37\x36\x39\x38\x2c\
\x2d\x30\x2e\x38\x32\x31\x36\x20\x31\x2e\x33\x39\x33\x39\x34\x2c\
\x2d\x31\x2e\x35\x35\x30\x38\x20\x31\x2e\x33\x39\x33\x39\x34\x2c\
\x2d\x32\x2e\x34\x30\x30\x31\x20\x30\x2c\x2d\x30\x2e\x39\x34\x31\
\x36\x20\x2d\x30\x2e\x36\x33\x36\x39\x37\x2c\x2d\x31\x2e\x37\x36\
\x33\x32\x20\x2d\x32\x2e\x30\x37\x37\x30\x37\x2c\x2d\x31\x2e\x37\
\x36\x33\x32\x20\x2d\x30\x2e\x35\x39\x30\x38\x31\x2c\x30\x20\x2d\
\x31\x2e\x30\x38\x39\x33\x2c\x30\x2e\x31\x35\x36\x39\x20\x2d\x31\
\x2e\x35\x36\x30\x31\x31\x2c\x30\x2e\x34\x38\x39\x32\x20\x6c\x20\
\x30\x2e\x30\x35\x35\x34\x2c\x31\x2e\x30\x39\x38\x36\x20\x6d\x20\
\x2d\x34\x2e\x32\x36\x30\x33\x34\x2c\x2d\x31\x2e\x31\x34\x38\x34\
\x20\x32\x2e\x33\x39\x34\x35\x39\x2c\x2d\x33\x2e\x37\x38\x37\x38\
\x20\x2d\x31\x2e\x36\x36\x35\x33\x33\x2c\x30\x20\x2d\x31\x2e\x35\
\x37\x38\x32\x35\x2c\x32\x2e\x37\x32\x31\x31\x20\x2d\x31\x2e\x34\
\x31\x34\x39\x38\x2c\x2d\x32\x2e\x37\x32\x31\x31\x20\x2d\x31\x2e\
\x37\x31\x39\x37\x35\x2c\x30\x20\x32\x2e\x32\x30\x39\x35\x35\x2c\
\x33\x2e\x36\x38\x39\x39\x20\x2d\x32\x2e\x33\x38\x33\x37\x2c\x33\
\x2e\x37\x39\x38\x37\x20\x31\x2e\x36\x34\x33\x35\x36\x2c\x30\x20\
\x31\x2e\x35\x35\x36\x34\x38\x2c\x2d\x32\x2e\x37\x31\x30\x33\x20\
\x31\x2e\x35\x31\x32\x39\x34\x2c\x32\x2e\x37\x31\x30\x33\x20\x31\
\x2e\x37\x34\x31\x35\x32\x2c\x30\x20\x2d\x32\x2e\x32\x39\x36\x36\
\x33\x2c\x2d\x33\x2e\x37\x30\x30\x38\x22\x2f\x3e\x3c\x2f\x73\x76\
\x67\x3e\
\x00\x00\x03\x84\
\x3c\
\x73\x76\x67\x20\x78\x6d\x6c\x6e\x73\x3d\x22\x68\x74\x74\x70\x3a\
\x2f\x2f\x77\x77\x77\x2e\x77\x33\x2e\x6f\x72\x67\x2f\x32\x30\x30\
\x30\x2f\x73\x76\x67\x22\x20\x66\x69\x6c\x6c\x3d\x22\x23\x66\x66\
\x66\x66\x66\x66\x22\x20\x77\x69\x64\x74\x68\x3d\x22\x38\x30\x30\
\x70\x78\x22\x20\x68\x65\x69\x67\x68\x74\x3d\x22\x38\x30\x30\x70\
\x78\x22\x20\x76\x69\x65\x77\x42\x6f\x78\x3d\x22\x2d\x33\x20\x2d\
\x33\x20\x32\x30\x20\x32\x30\x22\x20\x72\x6f\x6c\x65\x3d\x22\x69\
\x6d\x67\x22\x20\x66\x6f\x63\x75\x73\x61\x62\x6c\x65\x3d\x22\x66\
\x61\x6c\x73\x65\x22\x20\x61\x72\x69\x61\x2d\x68\x69\x64\x64\x65\
\x6e\x3d\x22\x74\x72\x75\x65\x22\x3e\x3c\x67\x20\x69\x64\x3d\x22\
\x64\x65\x65\x64\x69\x74\x6f\x72\x5f\x62\x67\x43\x61\x72\x72\x69\
\x65\x72\x22\x20\x73\x74\x72\x6f\x6b\x65\x2d\x77\x69\x64\x74\x68\
\x3d\x22\x30\x22\x3e\x0a\x20\x20\x20\x20\x3c\x72\x65\x63\x74\x20\
\x69\x64\x3d\x22\x64\x65\x65\x5f\x63\x5f\x65\x22\x20\x78\x3d\x22\
\x2d\x33\x22\x20\x79\x3d\x22\x2d\x33\x22\x20\x77\x69\x64\x74\x68\
\x3d\x22\x32\x30\x22\x20\x68\x65\x69\x67\x68\x74\x3d\x22\x32\x30\
\x22\x20\x72\x78\x3d\x22\x30\x22\x20\x66\x69\x6c\x6c\x3d\x22\x23\
\x33\x66\x39\x63\x64\x35\x22\x20\x73\x74\x72\x6f\x6b\x65\x77\x69\
\x64\x74\x68\x3d\x22\x30\x22\x2f\x3e\x0a\x20\x20\x3c\x2f\x67\x3e\
\x3c\x70\x61\x74\x68\x20\x64\x3d\x22\x6d\x20\x39\x2e\x34\x31\x38\
\x32\x30\x35\x2c\x37\x2e\x31\x34\x31\x38\x20\x63\x20\x30\x2e\x34\
\x31\x35\x34\x32\x2c\x2d\x30\x2e\x33\x37\x38\x35\x20\x30\x2e\x38\
\x37\x36\x39\x39\x2c\x2d\x30\x2e\x35\x35\x33\x39\x20\x31\x2e\x32\
\x37\x33\x39\x34\x2c\x2d\x30\x2e\x35\x35\x33\x39\x20\x30\x2e\x36\
\x35\x35\x34\x33\x2c\x30\x20\x30\x2e\x39\x39\x36\x39\x39\x2c\x30\
\x2e\x32\x38\x36\x32\x20\x30\x2e\x39\x39\x36\x39\x39\x2c\x30\x2e\
\x38\x39\x35\x34\x20\x30\x2c\x30\x2e\x34\x38\x39\x33\x20\x2d\x30\
\x2e\x33\x35\x30\x37\x39\x2c\x31\x2e\x30\x31\x35\x35\x20\x2d\x31\
\x2e\x30\x31\x35\x34\x36\x2c\x31\x2e\x36\x39\x38\x36\x20\x6c\x20\
\x2d\x31\x2e\x36\x33\x33\x39\x36\x2c\x31\x2e\x36\x36\x31\x37\x20\
\x30\x2c\x30\x2e\x39\x35\x30\x38\x20\x33\x2e\x38\x38\x36\x34\x33\
\x2c\x30\x20\x30\x2c\x2d\x31\x2e\x30\x33\x33\x39\x20\x2d\x32\x2e\
\x34\x32\x37\x38\x36\x2c\x30\x20\x31\x2e\x31\x30\x37\x37\x37\x2c\
\x2d\x31\x2e\x30\x34\x33\x32\x20\x63\x20\x30\x2e\x38\x37\x36\x39\
\x38\x2c\x2d\x30\x2e\x38\x32\x31\x36\x20\x31\x2e\x33\x39\x33\x39\
\x34\x2c\x2d\x31\x2e\x35\x35\x30\x38\x20\x31\x2e\x33\x39\x33\x39\
\x34\x2c\x2d\x32\x2e\x34\x30\x30\x31\x20\x30\x2c\x2d\x30\x2e\x39\
\x34\x31\x36\x20\x2d\x30\x2e\x36\x33\x36\x39\x37\x2c\x2d\x31\x2e\
\x37\x36\x33\x32\x20\x2d\x32\x2e\x30\x37\x37\x30\x37\x2c\x2d\x31\
\x2e\x37\x36\x33\x32\x20\x2d\x30\x2e\x35\x39\x30\x38\x31\x2c\x30\
\x20\x2d\x31\x2e\x30\x38\x39\x33\x2c\x30\x2e\x31\x35\x36\x39\x20\
\x2d\x31\x2e\x35\x36\x30\x31\x31\x2c\x30\x2e\x34\x38\x39\x32\x20\
\x6c\x20\x30\x2e\x30\x35\x35\x34\x2c\x31\x2e\x30\x39\x38\x36\x20\
\x6d\x20\x2d\x34\x2e\x32\x36\x30\x33\x34\x2c\x2d\x31\x2e\x31\x34\
\x38\x34\x20\x32\x2e\x33\x39\x34\x35\x39\x2c\x2d\x33\x2e\x37\x38\
\x37\x38\x20\x2d\x31\x2e\x36\x36\x35\x33\x33\x2c\x30\x20\x2d\x31\
\x2e\x35\x37\x38\x32\x35\x2c\x32\x2e\x37\x32\x31\x31\x20\x2d\x31\
\x2e\x34\x31\x34\x39\x38\x2c\x2d\x32\x2e\x37\x32\x31\x31\x20\x2d\
\x31\x2e\x37\x31\x39\x37\x35\x2c\x30\x20\x32\x2e\x32\x30\x39\x35\
\x35\x2c\x33\x2e\x36\x38\x39\x39\x20\x2d\x32\x2e\x33\x38\x33\x37\
\x2c\x33\x2e\x37\x39\x38\x37\x20\x31\x2e\x36\x34\x33\x35\x36\x2c\
\x30\x20\x31\x2e\x35\x35\x36\x34\x38\x2c\x2d\x32\x2e\x37\x31\x30\
\x33\x20\x31\x2e\x35\x31\x32\x39\x34\x2c\x32\x2e\x37\x31\x30\x33\
\x20\x31\x2e\x37\x34\x31\x35\x32\x2c\x30\x20\x2d\x32\x2e\x32\x39\
\x36\x36\x33\x2c\x2d\x33\x2e\x37\x30\x30\x38\x22\x20\x66\x69\x6c\
\x6c\x3d\x22\x23\x66\x66\x66\x66\x66\x66\x22\x2f\x3e\x3c\x2f\x73\
\x76\x67\x3e\
\x00\x00\x04\x5e\
\x3c\
\x73\x76\x67\x20\x78\x6d\x6c\x6e\x73\x3d\x22\x68\x74\x74\x70\x3a\
\x2f\x2f\x77\x77\x77\x2e\x77\x33\x2e\x6f\x72\x67\x2f\x32\x30\x30\
\x30\x2f\x73\x76\x67\x22\x20\x77\x69\x64\x74\x68\x3d\x22\x38\x30\
\x30\x70\x78\x22\x20\x68\x65\x69\x67\x68\x74\x3d\x22\x38\x30\x30\
\x70\x78\x22\x20\x76\x69\x65\x77\x42\x6f\x78\x3d\x22\x2d\x33\x20\
\x2d\x33\x20\x33\x30\x20\x33\x30\x22\x20\x66\x69\x6c\x6c\x3d\x22\
\x6e\x6f\x6e\x65\x22\x3e\x3c\x67\x20\x69\x64\x3d\x22\x64\x65\x65\
\x64\x69\x74\x6f\x72\x5f\x62\x67\x43\x61\x72\x72\x69\x65\x72\x22\
\x20\x73\x74\x72\x6f\x6b\x65\x2d\x77\x69\x64\x74\x68\x3d\x22\x30\
\x22\x3e\x0a\x20\x20\x20\x20\x3c\x72\x65\x63\x74\x20\x69\x64\x3d\
\x22\x64\x65\x65\x5f\x63\x5f\x65\x22\x20\x78\x3d\x22\x2d\x33\x22\
\x20\x79\x3d\x22\x2d\x33\x22\x20\x77\x69\x64\x74\x68\x3d\x22\x33\
\x30\x22\x20\x68\x65\x69\x67\x68\x74\x3d\x22\x33\x30\x22\x20\x72\
\x78\x3d\x22\x30\x22\x20\x66\x69\x6c\x6c\x3d\x22\x23\x34\x31\x34\
\x65\x36\x31\x22\x20\x73\x74\x72\x6f\x6b\x65\x77\x69\x64\x74\x68\
\x3d\x22\x30\x22\x2f\x3e\x0a\x20\x20\x3c\x2f\x67\x3e\x0a\x3c\x70\
\x61\x74\x68\x20\x64\x3d\x22\x4d\x33\x20\x38\x2e\x32\x43\x33\x20\
\x37\x2e\x30\x37\x39\x38\x39\x20\x33\x20\x36\x2e\x35\x31\x39\x38\
\x34\x20\x33\x2e\x32\x31\x37\x39\x39\x20\x36\x2e\x30\x39\x32\x30\
\x32\x43\x33\x2e\x34\x30\x39\x37\x33\x20\x35\x2e\x37\x31\x35\x36\
\x39\x20\x33\x2e\x37\x31\x35\x36\x39\x20\x35\x2e\x34\x30\x39\x37\
\x33\x20\x34\x2e\x30\x39\x32\x30\x32\x20\x35\x2e\x32\x31\x37\x39\
\x39\x43\x34\x2e\x35\x31\x39\x38\x34\x20\x35\x20\x35\x2e\x30\x37\
\x39\x39\x20\x35\x20\x36\x2e\x32\x20\x35\x48\x39\x2e\x36\x37\x34\
\x35\x32\x43\x31\x30\x2e\x31\x36\x33\x37\x20\x35\x20\x31\x30\x2e\
\x34\x30\x38\x33\x20\x35\x20\x31\x30\x2e\x36\x33\x38\x35\x20\x35\
\x2e\x30\x35\x35\x32\x36\x43\x31\x30\x2e\x38\x34\x32\x35\x20\x35\
\x2e\x31\x30\x34\x32\x35\x20\x31\x31\x2e\x30\x33\x37\x36\x20\x35\
\x2e\x31\x38\x35\x30\x36\x20\x31\x31\x2e\x32\x31\x36\x36\x20\x35\
\x2e\x32\x39\x34\x37\x32\x43\x31\x31\x2e\x34\x31\x38\x34\x20\x35\
\x2e\x34\x31\x38\x34\x20\x31\x31\x2e\x35\x39\x31\x34\x20\x35\x2e\
\x35\x39\x31\x33\x35\x20\x31\x31\x2e\x39\x33\x37\x33\x20\x35\x2e\
\x39\x33\x37\x32\x36\x4c\x31\x32\x2e\x30\x36\x32\x37\x20\x36\x2e\
\x30\x36\x32\x37\x34\x43\x31\x32\x2e\x34\x30\x38\x36\x20\x36\x2e\
\x34\x30\x38\x36\x35\x20\x31\x32\x2e\x35\x38\x31\x36\x20\x36\x2e\
\x35\x38\x31\x36\x20\x31\x32\x2e\x37\x38\x33\x34\x20\x36\x2e\x37\
\x30\x35\x32\x38\x43\x31\x32\x2e\x39\x36\x32\x34\x20\x36\x2e\x38\
\x31\x34\x39\x34\x20\x31\x33\x2e\x31\x35\x37\x35\x20\x36\x2e\x38\
\x39\x35\x37\x35\x20\x31\x33\x2e\x33\x36\x31\x35\x20\x36\x2e\x39\
\x34\x34\x37\x34\x43\x31\x33\x2e\x35\x39\x31\x37\x20\x37\x20\x31\
\x33\x2e\x38\x33\x36\x33\x20\x37\x20\x31\x34\x2e\x33\x32\x35\x35\
\x20\x37\x48\x31\x37\x2e\x38\x43\x31\x38\x2e\x39\x32\x30\x31\x20\
\x37\x20\x31\x39\x2e\x34\x38\x30\x32\x20\x37\x20\x31\x39\x2e\x39\
\x30\x38\x20\x37\x2e\x32\x31\x37\x39\x39\x43\x32\x30\x2e\x32\x38\
\x34\x33\x20\x37\x2e\x34\x30\x39\x37\x33\x20\x32\x30\x2e\x35\x39\
\x30\x33\x20\x37\x2e\x37\x31\x35\x36\x39\x20\x32\x30\x2e\x37\x38\
\x32\x20\x38\x2e\x30\x39\x32\x30\x32\x43\x32\x31\x20\x38\x2e\x35\
\x31\x39\x38\x34\x20\x32\x31\x20\x39\x2e\x30\x37\x39\x39\x20\x32\
\x31\x20\x31\x30\x2e\x32\x56\x31\x35\x2e\x38\x43\x32\x31\x20\x31\
\x36\x2e\x39\x32\x30\x31\x20\x32\x31\x20\x31\x37\x2e\x34\x38\x30\
\x32\x20\x32\x30\x2e\x37\x38\x32\x20\x31\x37\x2e\x39\x30\x38\x43\
\x32\x30\x2e\x35\x39\x30\x33\x20\x31\x38\x2e\x32\x38\x34\x33\x20\
\x32\x30\x2e\x32\x38\x34\x33\x20\x31\x38\x2e\x35\x39\x30\x33\x20\
\x31\x39\x2e\x39\x30\x38\x20\x31\x38\x2e\x37\x38\x32\x43\x31\x39\
\x2e\x34\x38\x30\x32\x20\x31\x39\x20\x31\x38\x2e\x39\x32\x30\x31\
\x20\x31\x39\x20\x31\x37\x2e\x38\x20\x31\x39\x48\x36\x2e\x32\x43\
\x35\x2e\x30\x37\x39\x38\x39\x20\x31\x39\x20\x34\x2e\x35\x31\x39\
\x38\x34\x20\x31\x39\x20\x34\x2e\x30\x39\x32\x30\x32\x20\x31\x38\
\x2e\x37\x38\x32\x43\x33\x2e\x37\x31\x35\x36\x39\x20\x31\x38\x2e\
\x35\x39\x30\x33\x20\x33\x2e\x34\x30\x39\x37\x33\x20\x31\x38\x2e\
\x32\x38\x34\x33\x20\x33\x2e\x32\x31\x37\x39\x39\x20\x31\x37\x2e\
\x39\x30\x38\x43\x33\x20\x31\x37\x2e\x34\x38\x30\x32\x20\x33\x20\
\x31\x36\x2e\x39\x32\x30\x31\x20\x33\x20\x31\x35\x2e\x38\x56\x38\
\x2e\x32\x5a\x22\x20\x73\x74\x72\x6f\x6b\x65\x3d\x22\x23\x66\x66\
\x66\x66\x66\x66\x22\x20\x73\x74\x72\x6f\x6b\x65\x2d\x77\x69\x64\
\x74\x68\x3d\x22\x32\x22\x20\x73\x74\x72\x6f\x6b\x65\x2d\x6c\x69\
\x6e\x65\x63\x61\x70\x3d\x22\x72\x6f\x75\x6e\x64\x22\x20\x73\x74\
\x72\x6f\x6b\x65\x2d\x6c\x69\x6e\x65\x6a\x6f\x69\x6e\x3d\x22\x72\
\x6f\x75\x6e\x64\x22\x20\x66\x69\x6c\x6c\x3d\x22\x23\x34\x31\x34\
\x65\x36\x31\x22\x2f\x3e\x0a\x3c\x2f\x73\x76\x67\x3e\
\x00\x00\x02\x28\
\x3c\
\x3f\x78\x6d\x6c\x20\x76\x65\x72\x73\x69\x6f\x6e\x3d\x22\x31\x2e\
\x30\x22\x20\x65\x6e\x63\x6f\x64\x69\x6e\x67\x3d\x22\x75\x74\x66\
\x2d\x38\x22\x3f\x3e\x3c\x21\x2d\x2d\x20\x55\x70\x6c\x6f\x61\x64\
\x65\x64\x20\x74\x6f\x3a\x20\x53\x56\x47\x20\x52\x65\x70\x6f\x2c\
\x20\x77\x77\x77\x2e\x73\x76\x67\x72\x65\x70\x6f\x2e\x63\x6f\x6d\
\x2c\x20\x47\x65\x6e\x65\x72\x61\x74\x6f\x72\x3a\x20\x53\x56\x47\
\x20\x52\x65\x70\x6f\x20\x4d\x69\x78\x65\x72\x20\x54\x6f\x6f\x6c\
\x73\x20\x2d\x2d\x3e\x0d\x0a\x3c\x73\x76\x67\x20\x77\x69\x64\x74\
\x68\x3d\x22\x38\x30\x30\x70\x78\x22\x20\x68\x65\x69\x67\x68\x74\
\x3d\x22\x38\x30\x30\x70\x78\x22\x20\x76\x69\x65\x77\x42\x6f\x78\
\x3d\x22\x30\x20\x30\x20\x32\x34\x20\x32\x34\x22\x20\x78\x6d\x6c\
\x6e\x73\x3d\x22\x68\x74\x74\x70\x3a\x2f\x2f\x77\x77\x77\x2e\x77\
\x33\x2e\x6f\x72\x67\x2f\x32\x30\x30\x30\x2f\x73\x76\x67\x22\x3e\
\x0d\x0a\x20\x20\x3c\x74\x69\x74\x6c\x65\x3e\x67\x72\x61\x73\x73\
\x3c\x2f\x74\x69\x74\x6c\x65\x3e\x0d\x0a\x20\x20\x3c\x70\x61\x74\
\x68\x20\x64\x3d\x22\x4d\x35\x2c\x32\x63\x2e\x38\x32\x2e\x38\x32\
\x2c\x35\x2e\x36\x31\x2c\x32\x2e\x38\x38\x2c\x36\x2c\x31\x38\x2c\
\x30\x2c\x2e\x36\x35\x2c\x30\x2c\x31\x2e\x33\x31\x2c\x30\x2c\x32\
\x68\x33\x43\x31\x34\x2c\x32\x2e\x31\x32\x2c\x37\x2c\x32\x2c\x35\
\x2c\x32\x5a\x4d\x31\x39\x2c\x35\x61\x37\x2c\x37\x2c\x30\x2c\x30\
\x2c\x30\x2d\x35\x2e\x35\x36\x2c\x33\x2c\x31\x36\x2e\x33\x2c\x31\
\x36\x2e\x33\x2c\x30\x2c\x30\x2c\x31\x2c\x31\x2e\x31\x32\x2c\x34\
\x43\x31\x35\x2e\x37\x34\x2c\x36\x2e\x37\x39\x2c\x31\x38\x2e\x33\
\x39\x2c\x35\x2e\x36\x31\x2c\x31\x39\x2c\x35\x5a\x4d\x32\x2c\x39\
\x63\x2e\x37\x37\x2e\x37\x37\x2c\x34\x2e\x37\x32\x2c\x33\x2e\x30\
\x39\x2c\x35\x2c\x31\x32\x2c\x30\x2c\x2e\x33\x32\x2c\x30\x2c\x2e\
\x36\x36\x2c\x30\x2c\x31\x68\x33\x43\x31\x30\x2c\x31\x33\x2e\x35\
\x32\x2c\x37\x2e\x35\x2c\x39\x2e\x32\x32\x2c\x32\x2c\x39\x5a\x4d\
\x32\x32\x2c\x39\x63\x2d\x32\x2c\x30\x2d\x37\x2c\x32\x2e\x32\x35\
\x2d\x37\x2c\x31\x33\x68\x33\x43\x31\x38\x2c\x31\x33\x2c\x32\x31\
\x2e\x31\x32\x2c\x39\x2e\x38\x38\x2c\x32\x32\x2c\x39\x5a\x22\x2f\
\x3e\x0d\x0a\x20\x20\x3c\x72\x65\x63\x74\x20\x77\x69\x64\x74\x68\
\x3d\x22\x32\x34\x22\x20\x68\x65\x69\x67\x68\x74\x3d\x22\x32\x34\
\x22\x20\x66\x69\x6c\x6c\x3d\x22\x6e\x6f\x6e\x65\x22\x2f\x3e\x0d\
\x0a\x3c\x2f\x73\x76\x67\x3e\
\x00\x00\x03\x31\
\x3c\
\x73\x76\x67\x20\x78\x6d\x6c\x6e\x73\x3d\x22\x68\x74\x74\x70\x3a\
\x2f\x2f\x77\x77\x77\x2e\x77\x33\x2e\x6f\x72\x67\x2f\x32\x30\x30\
\x30\x2f\x73\x76\x67\x22\x20\x78\x6d\x6c\x6e\x73\x3a\x78\x6c\x69\
\x6e\x6b\x3d\x22\x68\x74\x74\x70\x3a\x2f\x2f\x77\x77\x77\x2e\x77\
\x33\x2e\x6f\x72\x67\x2f\x31\x39\x39\x39\x2f\x78\x6c\x69\x6e\x6b\
\x22\x20\x76\x65\x72\x73\x69\x6f\x6e\x3d\x22\x31\x2e\x30\x22\x20\
\x69\x64\x3d\x22\x4c\x61\x79\x65\x72\x5f\x31\x22\x20\x77\x69\x64\
\x74\x68\x3d\x22\x38\x30\x30\x70\x78\x22\x20\x68\x65\x69\x67\x68\
\x74\x3d\x22\x38\x30\x30\x70\x78\x22\x20\x76\x69\x65\x77\x42\x6f\
\x78\x3d\x22\x2d\x33\x20\x2d\x33\x20\x37\x30\x20\x37\x30\x22\x20\
\x65\x6e\x61\x62\x6c\x65\x2d\x62\x61\x63\x6b\x67\x72\x6f\x75\x6e\
\x64\x3d\x22\x6e\x65\x77\x20\x30\x20\x30\x20\x36\x34\x20\x36\x34\
\x22\x20\x78\x6d\x6c\x3a\x73\x70\x61\x63\x65\x3d\x22\x70\x72\x65\
\x73\x65\x72\x76\x65\x22\x3e\x3c\x67\x20\x69\x64\x3d\x22\x64\x65\
\x65\x64\x69\x74\x6f\x72\x5f\x62\x67\x43\x61\x72\x72\x69\x65\x72\
\x22\x20\x73\x74\x72\x6f\x6b\x65\x2d\x77\x69\x64\x74\x68\x3d\x22\
\x30\x22\x3e\x0a\x20\x20\x20\x20\x3c\x72\x65\x63\x74\x20\x69\x64\
\x3d\x22\x64\x65\x65\x5f\x63\x5f\x65\x22\x20\x78\x3d\x22\x2d\x33\
\x22\x20\x79\x3d\x22\x2d\x33\x22\x20\x77\x69\x64\x74\x68\x3d\x22\
\x37\x30\x22\x20\x68\x65\x69\x67\x68\x74\x3d\x22\x37\x30\x22\x20\
\x72\x78\x3d\x22\x30\x22\x20\x66\x69\x6c\x6c\x3d\x22\x23\x34\x31\
\x34\x65\x36\x31\x22\x20\x73\x74\x72\x6f\x6b\x65\x77\x69\x64\x74\
\x68\x3d\x22\x30\x22\x2f\x3e\x0a\x20\x20\x3c\x2f\x67\x3e\x0a\x3c\
\x72\x65\x63\x74\x20\x78\x3d\x22\x31\x22\x20\x79\x3d\x22\x31\x22\
\x20\x66\x69\x6c\x6c\x3d\x22\x6e\x6f\x6e\x65\x22\x20\x73\x74\x72\
\x6f\x6b\x65\x3d\x22\x23\x66\x66\x66\x66\x66\x66\x22\x20\x73\x74\
\x72\x6f\x6b\x65\x2d\x77\x69\x64\x74\x68\x3d\x22\x32\x22\x20\x73\
\x74\x72\x6f\x6b\x65\x2d\x6d\x69\x74\x65\x72\x6c\x69\x6d\x69\x74\
\x3d\x22\x31\x30\x22\x20\x77\x69\x64\x74\x68\x3d\x22\x36\x32\x22\
\x20\x68\x65\x69\x67\x68\x74\x3d\x22\x31\x34\x22\x2f\x3e\x0a\x3c\
\x72\x65\x63\x74\x20\x78\x3d\x22\x31\x22\x20\x79\x3d\x22\x31\x35\
\x22\x20\x66\x69\x6c\x6c\x3d\x22\x6e\x6f\x6e\x65\x22\x20\x73\x74\
\x72\x6f\x6b\x65\x3d\x22\x23\x66\x66\x66\x66\x66\x66\x22\x20\x73\
\x74\x72\x6f\x6b\x65\x2d\x77\x69\x64\x74\x68\x3d\x22\x32\x22\x20\
\x73\x74\x72\x6f\x6b\x65\x2d\x6d\x69\x74\x65\x72\x6c\x69\x6d\x69\
\x74\x3d\x22\x31\x30\x22\x20\x77\x69\x64\x74\x68\x3d\x22\x36\x32\
\x22\x20\x68\x65\x69\x67\x68\x74\x3d\x22\x34\x38\x22\x2f\x3e\x0a\
\x3c\x6c\x69\x6e\x65\x20\x66\x69\x6c\x6c\x3d\x22\x6e\x6f\x6e\x65\
\x22\x20\x73\x74\x72\x6f\x6b\x65\x3d\x22\x23\x66\x66\x66\x66\x66\
\x66\x22\x20\x73\x74\x72\x6f\x6b\x65\x2d\x77\x69\x64\x74\x68\x3d\
\x22\x32\x22\x20\x73\x74\x72\x6f\x6b\x65\x2d\x6d\x69\x74\x65\x72\
\x6c\x69\x6d\x69\x74\x3d\x22\x31\x30\x22\x20\x78\x31\x3d\x22\x32\
\x32\x22\x20\x79\x31\x3d\x22\x31\x35\x22\x20\x78\x32\x3d\x22\x32\
\x32\x22\x20\x79\x32\x3d\x22\x36\x33\x22\x2f\x3e\x0a\x3c\x6c\x69\
\x6e\x65\x20\x66\x69\x6c\x6c\x3d\x22\x6e\x6f\x6e\x65\x22\x20\x73\
\x74\x72\x6f\x6b\x65\x3d\x22\x23\x66\x66\x66\x66\x66\x66\x22\x20\
\x73\x74\x72\x6f\x6b\x65\x2d\x77\x69\x64\x74\x68\x3d\x22\x32\x22\
\x20\x73\x74\x72\x6f\x6b\x65\x2d\x6d\x69\x74\x65\x72\x6c\x69\x6d\
\x69\x74\x3d\x22\x31\x30\x22\x20\x78\x31\x3d\x22\x32\x32\x22\x20\
\x79\x31\x3d\x22\x33\x38\x22\x20\x78\x32\x3d\x22\x36\x33\x22\x20\
\x79\x32\x3d\x22\x33\x38\x22\x2f\x3e\x0a\x3c\x2f\x73\x76\x67\x3e\
\
\x00\x00\x04\xf7\
\x3c\
\x73\x76\x67\x20\x78\x6d\x6c\x6e\x73\x3d\x22\x68\x74\x74\x70\x3a\
\x2f\x2f\x77\x77\x77\x2e\x77\x33\x2e\x6f\x72\x67\x2f\x32\x30\x30\
\x30\x2f\x73\x76\x67\x22\x20\x78\x6d\x6c\x6e\x73\x3a\x78\x6c\x69\
\x6e\x6b\x3d\x22\x68\x74\x74\x70\x3a\x2f\x2f\x77\x77\x77\x2e\x77\
\x33\x2e\x6f\x72\x67\x2f\x31\x39\x39\x39\x2f\x78\x6c\x69\x6e\x6b\
\x22\x20\x68\x65\x69\x67\x68\x74\x3d\x22\x38\x30\x30\x70\x78\x22\
\x20\x77\x69\x64\x74\x68\x3d\x22\x38\x30\x30\x70\x78\x22\x20\x76\
\x65\x72\x73\x69\x6f\x6e\x3d\x22\x31\x2e\x31\x22\x20\x69\x64\x3d\
\x22\x5f\x78\x33\x32\x5f\x22\x20\x76\x69\x65\x77\x42\x6f\x78\x3d\
\x22\x2d\x33\x20\x2d\x33\x20\x35\x31\x38\x20\x35\x31\x38\x22\x20\
\x78\x6d\x6c\x3a\x73\x70\x61\x63\x65\x3d\x22\x70\x72\x65\x73\x65\
\x72\x76\x65\x22\x3e\x3c\x67\x20\x69\x64\x3d\x22\x64\x65\x65\x64\
\x69\x74\x6f\x72\x5f\x62\x67\x43\x61\x72\x72\x69\x65\x72\x22\x20\
\x73\x74\x72\x6f\x6b\x65\x2d\x77\x69\x64\x74\x68\x3d\x22\x30\x22\
\x3e\x0a\x20\x20\x20\x20\x3c\x72\x65\x63\x74\x20\x69\x64\x3d\x22\
\x64\x65\x65\x5f\x63\x5f\x65\x22\x20\x78\x3d\x22\x2d\x33\x22\x20\
\x79\x3d\x22\x2d\x33\x22\x20\x77\x69\x64\x74\x68\x3d\x22\x35\x31\
\x38\x22\x20\x68\x65\x69\x67\x68\x74\x3d\x22\x35\x31\x38\x22\x20\
\x72\x78\x3d\x22\x30\x22\x20\x66\x69\x6c\x6c\x3d\x22\x23\x34\x31\
\x34\x65\x36\x31\x22\x20\x73\x74\x72\x6f\x6b\x65\x77\x69\x64\x74\
\x68\x3d\x22\x30\x22\x2f\x3e\x0a\x20\x20\x3c\x2f\x67\x3e\x0a\x3c\
\x73\x74\x79\x6c\x65\x20\x74\x79\x70\x65\x3d\x22\x74\x65\x78\x74\
\x2f\x63\x73\x73\x22\x3e\x0a\x09\x2e\x73\x74\x30\x7b\x66\x69\x6c\
\x6c\x3a\x23\x66\x66\x66\x66\x66\x66\x3b\x7d\x0a\x3c\x2f\x73\x74\
\x79\x6c\x65\x3e\x0a\x3c\x67\x3e\x0a\x09\x3c\x70\x61\x74\x68\x20\
\x63\x6c\x61\x73\x73\x3d\x22\x73\x74\x30\x22\x20\x64\x3d\x22\x4d\
\x37\x30\x2e\x36\x39\x37\x2c\x33\x39\x35\x2e\x33\x35\x32\x68\x38\
\x30\x2e\x36\x33\x33\x63\x35\x2e\x36\x35\x38\x2c\x30\x2c\x31\x30\
\x2e\x32\x34\x36\x2d\x34\x2e\x32\x35\x32\x2c\x31\x30\x2e\x32\x34\
\x36\x2d\x39\x2e\x34\x39\x38\x76\x2d\x31\x34\x33\x2e\x37\x32\x63\
\x30\x2d\x35\x2e\x32\x34\x36\x2d\x34\x2e\x35\x38\x38\x2d\x39\x2e\
\x34\x39\x39\x2d\x31\x30\x2e\x32\x34\x36\x2d\x39\x2e\x34\x39\x39\
\x48\x37\x30\x2e\x36\x39\x37\x20\x20\x20\x63\x2d\x35\x2e\x36\x35\
\x38\x2c\x30\x2d\x31\x30\x2e\x32\x34\x36\x2c\x34\x2e\x32\x35\x33\
\x2d\x31\x30\x2e\x32\x34\x36\x2c\x39\x2e\x34\x39\x39\x76\x31\x34\
\x33\x2e\x37\x32\x43\x36\x30\x2e\x34\x35\x31\x2c\x33\x39\x31\x2e\
\x31\x2c\x36\x35\x2e\x30\x33\x39\x2c\x33\x39\x35\x2e\x33\x35\x32\
\x2c\x37\x30\x2e\x36\x39\x37\x2c\x33\x39\x35\x2e\x33\x35\x32\x7a\
\x22\x20\x66\x69\x6c\x6c\x3d\x22\x23\x66\x66\x66\x66\x66\x66\x22\
\x2f\x3e\x0a\x09\x3c\x70\x61\x74\x68\x20\x63\x6c\x61\x73\x73\x3d\
\x22\x73\x74\x30\x22\x20\x64\x3d\x22\x4d\x32\x31\x35\x2e\x36\x38\
\x34\x2c\x33\x39\x35\x2e\x33\x35\x32\x68\x38\x30\x2e\x36\x33\x31\
\x63\x35\x2e\x36\x35\x38\x2c\x30\x2c\x31\x30\x2e\x32\x34\x38\x2d\
\x34\x2e\x32\x35\x32\x2c\x31\x30\x2e\x32\x34\x38\x2d\x39\x2e\x34\
\x39\x38\x56\x31\x34\x31\x2e\x31\x31\x37\x63\x30\x2d\x35\x2e\x32\
\x34\x36\x2d\x34\x2e\x35\x39\x2d\x39\x2e\x34\x39\x38\x2d\x31\x30\
\x2e\x32\x34\x38\x2d\x39\x2e\x34\x39\x38\x68\x2d\x38\x30\x2e\x36\
\x33\x31\x20\x20\x20\x63\x2d\x35\x2e\x36\x36\x2c\x30\x2d\x31\x30\
\x2e\x32\x34\x38\x2c\x34\x2e\x32\x35\x32\x2d\x31\x30\x2e\x32\x34\
\x38\x2c\x39\x2e\x34\x39\x38\x76\x32\x34\x34\x2e\x37\x33\x36\x43\
\x32\x30\x35\x2e\x34\x33\x36\x2c\x33\x39\x31\x2e\x31\x2c\x32\x31\
\x30\x2e\x30\x32\x34\x2c\x33\x39\x35\x2e\x33\x35\x32\x2c\x32\x31\
\x35\x2e\x36\x38\x34\x2c\x33\x39\x35\x2e\x33\x35\x32\x7a\x22\x20\
\x66\x69\x6c\x6c\x3d\x22\x23\x66\x66\x66\x66\x66\x66\x22\x2f\x3e\
\x0a\x09\x3c\x70\x61\x74\x68\x20\x63\x6c\x61\x73\x73\x3d\x22\x73\
\x74\x30\x22\x20\x64\x3d\x22\x4d\x33\x36\x30\x2e\x36\x36\x38\x2c\
\x33\x39\x35\x2e\x33\x35\x32\x68\x38\x30\x2e\x36\x33\x31\x63\x35\
\x2e\x36\x36\x2c\x30\x2c\x31\x30\x2e\x32\x34\x38\x2d\x34\x2e\x32\
\x35\x32\x2c\x31\x30\x2e\x32\x34\x38\x2d\x39\x2e\x34\x39\x38\x56\
\x32\x35\x2e\x39\x36\x34\x63\x30\x2d\x35\x2e\x32\x34\x36\x2d\x34\
\x2e\x35\x38\x38\x2d\x39\x2e\x34\x39\x39\x2d\x31\x30\x2e\x32\x34\
\x38\x2d\x39\x2e\x34\x39\x39\x68\x2d\x38\x30\x2e\x36\x33\x31\x20\
\x20\x20\x63\x2d\x35\x2e\x36\x36\x2c\x30\x2d\x31\x30\x2e\x32\x34\
\x38\x2c\x34\x2e\x32\x35\x33\x2d\x31\x30\x2e\x32\x34\x38\x2c\x39\
\x2e\x34\x39\x39\x76\x33\x35\x39\x2e\x38\x39\x43\x33\x35\x30\x2e\
\x34\x32\x2c\x33\x39\x31\x2e\x31\x2c\x33\x35\x35\x2e\x30\x30\x38\
\x2c\x33\x39\x35\x2e\x33\x35\x32\x2c\x33\x36\x30\x2e\x36\x36\x38\
\x2c\x33\x39\x35\x2e\x33\x35\x32\x7a\x22\x20\x66\x69\x6c\x6c\x3d\
\x22\x23\x66\x66\x66\x66\x66\x66\x22\x2f\x3e\x0a\x09\x3c\x70\x6f\
\x6c\x79\x67\x6f\x6e\x20\x63\x6c\x61\x73\x73\x3d\x22\x73\x74\x30\
\x22\x20\x70\x6f\x69\x6e\x74\x73\x3d\x22\x34\x39\x35\x2e\x34\x32\
\x36\x2c\x34\x33\x38\x2e\x36\x33\x33\x20\x31\x36\x2e\x35\x37\x34\
\x2c\x34\x33\x38\x2e\x36\x33\x33\x20\x30\x2c\x34\x33\x38\x2e\x36\
\x33\x33\x20\x30\x2c\x34\x39\x35\x2e\x35\x33\x35\x20\x31\x36\x2e\
\x35\x37\x34\x2c\x34\x39\x35\x2e\x35\x33\x35\x20\x34\x39\x35\x2e\
\x34\x32\x36\x2c\x34\x39\x35\x2e\x35\x33\x35\x20\x35\x31\x32\x2c\
\x34\x39\x35\x2e\x35\x33\x35\x20\x20\x20\x20\x35\x31\x32\x2c\x34\
\x33\x38\x2e\x36\x33\x33\x20\x20\x22\x20\x66\x69\x6c\x6c\x3d\x22\
\x23\x66\x66\x66\x66\x66\x66\x22\x2f\x3e\x0a\x3c\x2f\x67\x3e\x0a\
\x3c\x2f\x73\x76\x67\x3e\
\x00\x00\x02\x12\
\x3c\
\x73\x76\x67\x20\x78\x6d\x6c\x6e\x73\x3d\x22\x68\x74\x74\x70\x3a\
\x2f\x2f\x77\x77\x77\x2e\x77\x33\x2e\x6f\x72\x67\x2f\x32\x30\x30\
\x30\x2f\x73\x76\x67\x22\x20\x77\x69\x64\x74\x68\x3d\x22\x38\x30\
\x30\x70\x78\x22\x20\x68\x65\x69\x67\x68\x74\x3d\x22\x38\x30\x30\
\x70\x78\x22\x20\x76\x69\x65\x77\x42\x6f\x78\x3d\x22\x2d\x33\x20\
\x2d\x33\x20\x32\x32\x20\x32\x32\x22\x20\x66\x69\x6c\x6c\x3d\x22\
\x6e\x6f\x6e\x65\x22\x3e\x3c\x67\x20\x69\x64\x3d\x22\x64\x65\x65\
\x64\x69\x74\x6f\x72\x5f\x62\x67\x43\x61\x72\x72\x69\x65\x72\x22\
\x20\x73\x74\x72\x6f\x6b\x65\x2d\x77\x69\x64\x74\x68\x3d\x22\x30\
\x22\x3e\x0a\x20\x20\x20\x20\x3c\x72\x65\x63\x74\x20\x69\x64\x3d\
\x22\x64\x65\x65\x5f\x63\x5f\x65\x22\x20\x78\x3d\x22\x2d\x33\x22\
\x20\x79\x3d\x22\x2d\x33\x22\x20\x77\x69\x64\x74\x68\x3d\x22\x32\
\x32\x22\x20\x68\x65\x69\x67\x68\x74\x3d\x22\x32\x32\x22\x20\x72\
\x78\x3d\x22\x30\x22\x20\x66\x69\x6c\x6c\x3d\x22\x23\x33\x66\x39\
\x63\x64\x35\x22\x20\x73\x74\x72\x6f\x6b\x65\x77\x69\x64\x74\x68\
\x3d\x22\x30\x22\x2f\x3e\x0a\x20\x20\x3c\x2f\x67\x3e\x0a\x3c\x70\
\x61\x74\x68\x20\x64\x3d\x22\x4d\x35\x2e\x35\x20\x35\x2e\x35\x43\
\x35\x2e\x35\x20\x34\x2e\x31\x31\x39\x32\x39\x20\x36\x2e\x36\x31\
\x39\x32\x39\x20\x33\x20\x38\x20\x33\x43\x39\x2e\x33\x38\x30\x37\
\x31\x20\x33\x20\x31\x30\x2e\x35\x20\x34\x2e\x31\x31\x39\x32\x39\
\x20\x31\x30\x2e\x35\x20\x35\x2e\x35\x43\x31\x30\x2e\x35\x20\x36\
\x2e\x38\x38\x30\x37\x31\x20\x39\x2e\x33\x38\x30\x37\x31\x20\x38\
\x20\x38\x20\x38\x48\x37\x56\x31\x31\x48\x38\x43\x31\x31\x2e\x30\
\x33\x37\x36\x20\x31\x31\x20\x31\x33\x2e\x35\x20\x38\x2e\x35\x33\
\x37\x35\x37\x20\x31\x33\x2e\x35\x20\x35\x2e\x35\x43\x31\x33\x2e\
\x35\x20\x32\x2e\x34\x36\x32\x34\x33\x20\x31\x31\x2e\x30\x33\x37\
\x36\x20\x30\x20\x38\x20\x30\x43\x34\x2e\x39\x36\x32\x34\x33\x20\
\x30\x20\x32\x2e\x35\x20\x32\x2e\x34\x36\x32\x34\x33\x20\x32\x2e\
\x35\x20\x35\x2e\x35\x48\x35\x2e\x35\x5a\x22\x20\x66\x69\x6c\x6c\
\x3d\x22\x23\x66\x66\x66\x66\x66\x66\x22\x2f\x3e\x0a\x3c\x70\x61\
\x74\x68\x20\x64\x3d\x22\x4d\x31\x30\x20\x31\x33\x48\x37\x56\x31\
\x36\x48\x31\x30\x56\x31\x33\x5a\x22\x20\x66\x69\x6c\x6c\x3d\x22\
\x23\x66\x66\x66\x66\x66\x66\x22\x2f\x3e\x0a\x3c\x2f\x73\x76\x67\
\x3e\
\x00\x00\x04\x84\
\x3c\
\x73\x76\x67\x20\x78\x6d\x6c\x6e\x73\x3d\x22\x68\x74\x74\x70\x3a\
\x2f\x2f\x77\x77\x77\x2e\x77\x33\x2e\x6f\x72\x67\x2f\x32\x30\x30\
\x30\x2f\x73\x76\x67\x22\x20\x78\x6d\x6c\x6e\x73\x3a\x78\x6c\x69\
\x6e\x6b\x3d\x22\x68\x74\x74\x70\x3a\x2f\x2f\x77\x77\x77\x2e\x77\
\x33\x2e\x6f\x72\x67\x2f\x31\x39\x39\x39\x2f\x78\x6c\x69\x6e\x6b\
\x22\x20\x76\x65\x72\x73\x69\x6f\x6e\x3d\x22\x31\x2e\x31\x22\x20\
\x69\x64\x3d\x22\x4c\x61\x79\x65\x72\x5f\x31\x22\x20\x77\x69\x64\
\x74\x68\x3d\x22\x38\x30\x30\x70\x78\x22\x20\x68\x65\x69\x67\x68\
\x74\x3d\x22\x38\x30\x30\x70\x78\x22\x20\x76\x69\x65\x77\x42\x6f\
\x78\x3d\x22\x2d\x33\x20\x2d\x33\x20\x37\x30\x20\x37\x30\x22\x20\
\x65\x6e\x61\x62\x6c\x65\x2d\x62\x61\x63\x6b\x67\x72\x6f\x75\x6e\
\x64\x3d\x22\x6e\x65\x77\x20\x30\x20\x30\x20\x36\x34\x20\x36\x34\
\x22\x20\x78\x6d\x6c\x3a\x73\x70\x61\x63\x65\x3d\x22\x70\x72\x65\
\x73\x65\x72\x76\x65\x22\x3e\x3c\x67\x20\x69\x64\x3d\x22\x64\x65\
\x65\x64\x69\x74\x6f\x72\x5f\x62\x67\x43\x61\x72\x72\x69\x65\x72\
\x22\x20\x73\x74\x72\x6f\x6b\x65\x2d\x77\x69\x64\x74\x68\x3d\x22\
\x30\x22\x3e\x0a\x20\x20\x20\x20\x3c\x72\x65\x63\x74\x20\x69\x64\
\x3d\x22\x64\x65\x65\x5f\x63\x5f\x65\x22\x20\x78\x3d\x22\x2d\x33\
\x22\x20\x79\x3d\x22\x2d\x33\x22\x20\x77\x69\x64\x74\x68\x3d\x22\
\x37\x30\x22\x20\x68\x65\x69\x67\x68\x74\x3d\x22\x37\x30\x22\x20\
\x72\x78\x3d\x22\x30\x22\x20\x66\x69\x6c\x6c\x3d\x22\x23\x34\x31\
\x34\x65\x36\x31\x22\x20\x73\x74\x72\x6f\x6b\x65\x77\x69\x64\x74\
\x68\x3d\x22\x30\x22\x2f\x3e\x0a\x20\x20\x3c\x2f\x67\x3e\x0a\x3c\
\x70\x61\x74\x68\x20\x66\x69\x6c\x6c\x3d\x22\x6e\x6f\x6e\x65\x22\
\x20\x73\x74\x72\x6f\x6b\x65\x3d\x22\x23\x66\x66\x66\x66\x66\x66\
\x22\x20\x73\x74\x72\x6f\x6b\x65\x2d\x77\x69\x64\x74\x68\x3d\x22\
\x32\x22\x20\x73\x74\x72\x6f\x6b\x65\x2d\x6d\x69\x74\x65\x72\x6c\
\x69\x6d\x69\x74\x3d\x22\x31\x30\x22\x20\x64\x3d\x22\x4d\x35\x35\
\x2c\x34\x30\x63\x34\x2e\x35\x36\x35\x2c\x30\x2c\x38\x2d\x33\x2e\
\x34\x33\x35\x2c\x38\x2d\x38\x63\x30\x2d\x34\x2e\x35\x36\x35\x2d\
\x33\x2e\x34\x33\x35\x2d\x39\x2d\x38\x2d\x39\x20\x20\x63\x30\x2d\
\x31\x31\x2e\x34\x31\x34\x2d\x39\x2e\x35\x38\x36\x2d\x32\x30\x2d\
\x32\x31\x2d\x32\x30\x43\x32\x33\x2e\x38\x39\x38\x2c\x33\x2c\x31\
\x34\x2e\x38\x2c\x39\x2e\x34\x32\x33\x2c\x31\x33\x2c\x31\x39\x63\
\x30\x2c\x30\x2d\x31\x2e\x31\x36\x35\x2c\x30\x2d\x32\x2c\x30\x43\
\x35\x2e\x32\x39\x32\x2c\x31\x39\x2c\x31\x2c\x32\x34\x2e\x32\x39\
\x32\x2c\x31\x2c\x33\x30\x73\x34\x2e\x32\x39\x32\x2c\x31\x30\x2c\
\x31\x30\x2c\x31\x30\x48\x35\x35\x7a\x22\x2f\x3e\x0a\x3c\x6c\x69\
\x6e\x65\x20\x66\x69\x6c\x6c\x3d\x22\x6e\x6f\x6e\x65\x22\x20\x73\
\x74\x72\x6f\x6b\x65\x3d\x22\x23\x66\x66\x66\x66\x66\x66\x22\x20\
\x73\x74\x72\x6f\x6b\x65\x2d\x77\x69\x64\x74\x68\x3d\x22\x32\x22\
\x20\x73\x74\x72\x6f\x6b\x65\x2d\x6d\x69\x74\x65\x72\x6c\x69\x6d\
\x69\x74\x3d\x22\x31\x30\x22\x20\x78\x31\x3d\x22\x32\x33\x22\x20\
\x79\x31\x3d\x22\x34\x36\x22\x20\x78\x32\x3d\x22\x31\x35\x22\x20\
\x79\x32\x3d\x22\x36\x30\x22\x2f\x3e\x0a\x3c\x6c\x69\x6e\x65\x20\
\x66\x69\x6c\x6c\x3d\x22\x6e\x6f\x6e\x65\x22\x20\x73\x74\x72\x6f\
\x6b\x65\x3d\x22\x23\x66\x66\x66\x66\x66\x66\x22\x20\x73\x74\x72\
\x6f\x6b\x65\x2d\x77\x69\x64\x74\x68\x3d\x22\x32\x22\x20\x73\x74\
\x72\x6f\x6b\x65\x2d\x6d\x69\x74\x65\x72\x6c\x69\x6d\x69\x74\x3d\
\x22\x31\x30\x22\x20\x78\x31\x3d\x22\x31\x33\x22\x20\x79\x31\x3d\
\x22\x34\x36\x22\x20\x78\x32\x3d\x22\x35\x22\x20\x79\x32\x3d\x22\
\x36\x30\x22\x2f\x3e\x0a\x3c\x6c\x69\x6e\x65\x20\x66\x69\x6c\x6c\
\x3d\x22\x6e\x6f\x6e\x65\x22\x20\x73\x74\x72\x6f\x6b\x65\x3d\x22\
\x23\x66\x66\x66\x66\x66\x66\x22\x20\x73\x74\x72\x6f\x6b\x65\x2d\
\x77\x69\x64\x74\x68\x3d\x22\x32\x22\x20\x73\x74\x72\x6f\x6b\x65\
\x2d\x6d\x69\x74\x65\x72\x6c\x69\x6d\x69\x74\x3d\x22\x31\x30\x22\
\x20\x78\x31\x3d\x22\x33\x33\x22\x20\x79\x31\x3d\x22\x34\x36\x22\
\x20\x78\x32\x3d\x22\x32\x35\x22\x20\x79\x32\x3d\x22\x36\x30\x22\
\x2f\x3e\x0a\x3c\x6c\x69\x6e\x65\x20\x66\x69\x6c\x6c\x3d\x22\x6e\
\x6f\x6e\x65\x22\x20\x73\x74\x72\x6f\x6b\x65\x3d\x22\x23\x66\x66\
\x66\x66\x66\x66\x22\x20\x73\x74\x72\x6f\x6b\x65\x2d\x77\x69\x64\
\x74\x68\x3d\x22\x32\x22\x20\x73\x74\x72\x6f\x6b\x65\x2d\x6d\x69\
\x74\x65\x72\x6c\x69\x6d\x69\x74\x3d\x22\x31\x30\x22\x20\x78\x31\
\x3d\x22\x34\x33\x22\x20\x79\x31\x3d\x22\x34\x36\x22\x20\x78\x32\
\x3d\x22\x33\x35\x22\x20\x79\x32\x3d\x22\x36\x30\x22\x2f\x3e\x0a\
\x3c\x6c\x69\x6e\x65\x20\x66\x69\x6c\x6c\x3d\x22\x6e\x6f\x6e\x65\
\x22\x20\x73\x74\x72\x6f\x6b\x65\x3d\x22\x23\x66\x66\x66\x66\x66\
\x66\x22\x20\x73\x74\x72\x6f\x6b\x65\x2d\x77\x69\x64\x74\x68\x3d\
\x22\x32\x22\x20\x73\x74\x72\x6f\x6b\x65\x2d\x6d\x69\x74\x65\x72\
\x6c\x69\x6d\x69\x74\x3d\x22\x31\x30\x22\x20\x78\x31\x3d\x22\x35\
\x33\x22\x20\x79\x31\x3d\x22\x34\x36\x22\x20\x78\x32\x3d\x22\x34\
\x35\x22\x20\x79\x32\x3d\x22\x36\x30\x22\x2f\x3e\x0a\x3c\x2f\x73\
\x76\x67\x3e\
\x00\x00\x09\x03\
\x3c\
\x73\x76\x67\x20\x78\x6d\x6c\x6e\x73\x3d\x22\x68\x74\x74\x70\x3a\
\x2f\x2f\x77\x77\x77\x2e\x77\x33\x2e\x6f\x72\x67\x2f\x32\x30\x30\
\x30\x2f\x73\x76\x67\x22\x20\x78\x6d\x6c\x6e\x73\x3a\x78\x6c\x69\
\x6e\x6b\x3d\x22\x68\x74\x74\x70\x3a\x2f\x2f\x77\x77\x77\x2e\x77\
\x33\x2e\x6f\x72\x67\x2f\x31\x39\x39\x39\x2f\x78\x6c\x69\x6e\x6b\
\x22\x20\x68\x65\x69\x67\x68\x74\x3d\x22\x38\x30\x30\x70\x78\x22\
\x20\x77\x69\x64\x74\x68\x3d\x22\x38\x30\x30\x70\x78\x22\x20\x76\
\x65\x72\x73\x69\x6f\x6e\x3d\x22\x31\x2e\x31\x22\x20\x69\x64\x3d\
\x22\x43\x61\x70\x61\x5f\x31\x22\x20\x76\x69\x65\x77\x42\x6f\x78\
\x3d\x22\x2d\x33\x20\x2d\x33\x20\x32\x30\x39\x20\x32\x30\x39\x22\
\x20\x78\x6d\x6c\x3a\x73\x70\x61\x63\x65\x3d\x22\x70\x72\x65\x73\
\x65\x72\x76\x65\x22\x3e\x3c\x67\x20\x69\x64\x3d\x22\x64\x65\x65\
\x64\x69\x74\x6f\x72\x5f\x62\x67\x43\x61\x72\x72\x69\x65\x72\x22\
\x20\x73\x74\x72\x6f\x6b\x65\x2d\x77\x69\x64\x74\x68\x3d\x22\x30\
\x22\x3e\x0a\x20\x20\x20\x20\x3c\x72\x65\x63\x74\x20\x69\x64\x3d\
\x22\x64\x65\x65\x5f\x63\x5f\x65\x22\x20\x78\x3d\x22\x2d\x33\x22\
\x20\x79\x3d\x22\x2d\x33\x22\x20\x77\x69\x64\x74\x68\x3d\x22\x32\
\x30\x39\x22\x20\x68\x65\x69\x67\x68\x74\x3d\x22\x32\x30\x39\x22\
\x20\x72\x78\x3d\x22\x30\x22\x20\x66\x69\x6c\x6c\x3d\x22\x23\x33\
\x66\x39\x63\x64\x35\x22\x20\x73\x74\x72\x6f\x6b\x65\x77\x69\x64\
\x74\x68\x3d\x22\x30\x22\x2f\x3e\x0a\x20\x20\x3c\x2f\x67\x3e\x0a\
\x3c\x67\x3e\x0a\x09\x3c\x67\x3e\x0a\x09\x09\x3c\x70\x61\x74\x68\
\x20\x73\x74\x79\x6c\x65\x3d\x22\x66\x69\x6c\x6c\x3a\x23\x66\x66\
\x66\x66\x66\x66\x3b\x22\x20\x64\x3d\x22\x4d\x34\x31\x2e\x37\x31\
\x37\x2c\x30\x4c\x30\x2e\x30\x30\x32\x2c\x34\x31\x2e\x37\x32\x32\
\x6c\x31\x36\x31\x2e\x38\x32\x31\x2c\x31\x36\x31\x2e\x38\x32\x31\
\x6c\x34\x31\x2e\x37\x31\x39\x2d\x34\x31\x2e\x37\x31\x39\x4c\x34\
\x31\x2e\x37\x31\x37\x2c\x30\x7a\x20\x4d\x34\x31\x2e\x37\x31\x37\
\x2c\x38\x2e\x30\x34\x39\x6c\x31\x35\x33\x2e\x37\x38\x2c\x31\x35\
\x33\x2e\x37\x37\x36\x20\x20\x20\x20\x6c\x2d\x33\x33\x2e\x36\x37\
\x33\x2c\x33\x33\x2e\x36\x37\x33\x6c\x2d\x34\x2e\x34\x35\x32\x2d\
\x34\x2e\x34\x35\x39\x6c\x32\x33\x2e\x32\x34\x35\x2d\x32\x33\x2e\
\x32\x35\x35\x63\x30\x2e\x39\x32\x2d\x30\x2e\x39\x31\x33\x2c\x30\
\x2e\x39\x32\x2d\x32\x2e\x33\x39\x31\x2c\x30\x2d\x33\x2e\x33\x30\
\x33\x63\x2d\x30\x2e\x39\x31\x33\x2d\x30\x2e\x39\x31\x33\x2d\x32\
\x2e\x33\x39\x31\x2d\x30\x2e\x39\x32\x33\x2d\x33\x2e\x33\x30\x33\
\x2c\x30\x6c\x2d\x32\x33\x2e\x32\x35\x35\x2c\x32\x33\x2e\x32\x34\
\x35\x20\x20\x20\x20\x6c\x2d\x37\x2e\x32\x33\x33\x2d\x37\x2e\x32\
\x32\x36\x6c\x31\x34\x2e\x39\x37\x34\x2d\x31\x34\x2e\x39\x37\x37\
\x63\x30\x2e\x39\x31\x36\x2d\x30\x2e\x39\x31\x33\x2c\x30\x2e\x39\
\x31\x36\x2d\x32\x2e\x33\x39\x34\x2c\x30\x2d\x33\x2e\x33\x30\x37\
\x63\x2d\x30\x2e\x39\x32\x2d\x30\x2e\x39\x32\x33\x2d\x32\x2e\x33\
\x38\x37\x2d\x30\x2e\x39\x32\x33\x2d\x33\x2e\x33\x30\x37\x2c\x30\
\x6c\x2d\x31\x34\x2e\x39\x37\x37\x2c\x31\x34\x2e\x39\x37\x6c\x2d\
\x35\x2e\x39\x37\x33\x2d\x35\x2e\x39\x38\x20\x20\x20\x20\x6c\x31\
\x34\x2e\x39\x37\x34\x2d\x31\x34\x2e\x39\x36\x37\x63\x30\x2e\x39\
\x30\x35\x2d\x30\x2e\x39\x31\x33\x2c\x30\x2e\x39\x30\x35\x2d\x32\
\x2e\x34\x30\x35\x2c\x30\x2d\x33\x2e\x33\x31\x34\x63\x2d\x30\x2e\
\x39\x32\x33\x2d\x30\x2e\x39\x31\x33\x2d\x32\x2e\x34\x30\x35\x2d\
\x30\x2e\x39\x31\x33\x2d\x33\x2e\x33\x32\x31\x2c\x30\x6c\x2d\x31\
\x34\x2e\x39\x36\x37\x2c\x31\x34\x2e\x39\x36\x37\x6c\x2d\x35\x2e\
\x37\x33\x2d\x35\x2e\x37\x32\x36\x6c\x31\x34\x2e\x39\x37\x2d\x31\
\x34\x2e\x39\x37\x20\x20\x20\x20\x63\x30\x2e\x39\x31\x36\x2d\x30\
\x2e\x39\x31\x33\x2c\x30\x2e\x39\x31\x36\x2d\x32\x2e\x33\x39\x31\
\x2c\x30\x2d\x33\x2e\x33\x30\x33\x63\x2d\x30\x2e\x39\x31\x33\x2d\
\x30\x2e\x39\x32\x33\x2d\x32\x2e\x33\x39\x31\x2d\x30\x2e\x39\x32\
\x33\x2d\x33\x2e\x33\x31\x2c\x30\x6c\x2d\x31\x34\x2e\x39\x37\x34\
\x2c\x31\x34\x2e\x39\x37\x6c\x2d\x36\x2e\x34\x37\x31\x2d\x36\x2e\
\x34\x38\x38\x6c\x32\x33\x2e\x32\x35\x32\x2d\x32\x33\x2e\x32\x34\
\x35\x20\x20\x20\x20\x63\x30\x2e\x39\x31\x33\x2d\x30\x2e\x39\x32\
\x33\x2c\x30\x2e\x39\x31\x33\x2d\x32\x2e\x34\x30\x35\x2c\x30\x2d\
\x33\x2e\x33\x31\x34\x63\x2d\x30\x2e\x39\x32\x33\x2d\x30\x2e\x39\
\x31\x33\x2d\x32\x2e\x33\x39\x38\x2d\x30\x2e\x39\x31\x33\x2d\x33\
\x2e\x33\x31\x34\x2c\x30\x6c\x2d\x32\x33\x2e\x32\x34\x38\x2c\x32\
\x33\x2e\x32\x35\x35\x6c\x2d\x34\x2e\x34\x37\x37\x2d\x34\x2e\x34\
\x38\x31\x6c\x31\x35\x2e\x37\x32\x39\x2d\x31\x35\x2e\x37\x31\x38\
\x20\x20\x20\x20\x63\x30\x2e\x39\x31\x33\x2d\x30\x2e\x39\x31\x33\
\x2c\x30\x2e\x39\x31\x33\x2d\x32\x2e\x33\x39\x31\x2d\x30\x2e\x30\
\x31\x31\x2d\x33\x2e\x33\x31\x34\x63\x2d\x30\x2e\x39\x30\x39\x2d\
\x30\x2e\x39\x31\x33\x2d\x32\x2e\x33\x38\x37\x2d\x30\x2e\x39\x31\
\x33\x2d\x33\x2e\x33\x30\x33\x2c\x30\x6c\x2d\x31\x35\x2e\x37\x32\
\x35\x2c\x31\x35\x2e\x37\x32\x39\x6c\x2d\x35\x2e\x39\x37\x37\x2d\
\x35\x2e\x39\x38\x6c\x31\x35\x2e\x37\x32\x32\x2d\x31\x35\x2e\x37\
\x32\x39\x20\x20\x20\x20\x63\x30\x2e\x39\x31\x36\x2d\x30\x2e\x39\
\x31\x33\x2c\x30\x2e\x39\x31\x36\x2d\x32\x2e\x33\x39\x31\x2c\x30\
\x2d\x33\x2e\x33\x30\x33\x63\x2d\x30\x2e\x39\x31\x33\x2d\x30\x2e\
\x39\x32\x33\x2d\x32\x2e\x33\x39\x31\x2d\x30\x2e\x39\x32\x33\x2d\
\x33\x2e\x33\x30\x33\x2c\x30\x6c\x2d\x31\x35\x2e\x37\x32\x39\x2c\
\x31\x35\x2e\x37\x31\x38\x6c\x2d\x35\x2e\x37\x32\x36\x2d\x35\x2e\
\x37\x32\x36\x6c\x31\x35\x2e\x37\x32\x32\x2d\x31\x35\x2e\x37\x31\
\x38\x20\x20\x20\x20\x63\x30\x2e\x39\x31\x36\x2d\x30\x2e\x39\x32\
\x33\x2c\x30\x2e\x39\x31\x36\x2d\x32\x2e\x34\x30\x31\x2c\x30\x2d\
\x33\x2e\x33\x31\x34\x63\x2d\x30\x2e\x39\x31\x36\x2d\x30\x2e\x39\
\x31\x33\x2d\x32\x2e\x33\x39\x38\x2d\x30\x2e\x39\x31\x33\x2d\x33\
\x2e\x33\x31\x2c\x30\x6c\x2d\x31\x35\x2e\x37\x32\x35\x2c\x31\x35\
\x2e\x37\x31\x38\x6c\x2d\x36\x2e\x35\x34\x36\x2d\x36\x2e\x35\x34\
\x36\x4c\x31\x30\x36\x2c\x39\x33\x2e\x31\x34\x37\x20\x20\x20\x20\
\x63\x30\x2e\x39\x31\x33\x2d\x30\x2e\x39\x31\x33\x2c\x30\x2e\x39\
\x30\x35\x2d\x32\x2e\x33\x39\x31\x2d\x30\x2e\x30\x31\x31\x2d\x33\
\x2e\x33\x30\x33\x63\x2d\x30\x2e\x39\x31\x33\x2d\x30\x2e\x39\x31\
\x33\x2d\x32\x2e\x33\x39\x34\x2d\x30\x2e\x39\x31\x33\x2d\x33\x2e\
\x33\x30\x33\x2d\x30\x2e\x30\x31\x31\x6c\x2d\x32\x33\x2e\x32\x35\
\x35\x2c\x32\x33\x2e\x32\x35\x39\x6c\x2d\x37\x2e\x32\x32\x36\x2d\
\x37\x2e\x32\x32\x39\x6c\x31\x34\x2e\x39\x36\x37\x2d\x31\x34\x2e\
\x39\x37\x37\x20\x20\x20\x20\x63\x30\x2e\x39\x31\x36\x2d\x30\x2e\
\x39\x31\x33\x2c\x30\x2e\x39\x31\x36\x2d\x32\x2e\x33\x39\x31\x2d\
\x30\x2e\x30\x31\x31\x2d\x33\x2e\x33\x30\x33\x63\x2d\x30\x2e\x39\
\x30\x32\x2d\x30\x2e\x39\x32\x33\x2d\x32\x2e\x33\x38\x34\x2d\x30\
\x2e\x39\x31\x33\x2d\x33\x2e\x32\x39\x36\x2c\x30\x6c\x2d\x31\x34\
\x2e\x39\x37\x34\x2c\x31\x34\x2e\x39\x36\x37\x6c\x2d\x35\x2e\x39\
\x38\x34\x2d\x35\x2e\x39\x38\x6c\x31\x34\x2e\x39\x37\x37\x2d\x31\
\x34\x2e\x39\x36\x37\x20\x20\x20\x20\x63\x30\x2e\x39\x30\x35\x2d\
\x30\x2e\x39\x31\x33\x2c\x30\x2e\x39\x30\x35\x2d\x32\x2e\x34\x30\
\x31\x2c\x30\x2d\x33\x2e\x33\x30\x33\x63\x2d\x30\x2e\x39\x31\x36\
\x2d\x30\x2e\x39\x32\x33\x2d\x32\x2e\x33\x39\x34\x2d\x30\x2e\x39\
\x32\x33\x2d\x33\x2e\x33\x30\x37\x2d\x30\x2e\x30\x31\x31\x4c\x35\
\x39\x2e\x36\x31\x31\x2c\x39\x33\x2e\x32\x36\x35\x6c\x2d\x35\x2e\
\x37\x33\x2d\x35\x2e\x37\x33\x37\x6c\x31\x34\x2e\x39\x36\x33\x2d\
\x31\x34\x2e\x39\x36\x37\x20\x20\x20\x20\x63\x30\x2e\x39\x32\x2d\
\x30\x2e\x39\x31\x33\x2c\x30\x2e\x39\x31\x33\x2d\x32\x2e\x33\x39\
\x31\x2c\x30\x2d\x33\x2e\x33\x31\x34\x63\x2d\x30\x2e\x39\x30\x35\
\x2d\x30\x2e\x39\x30\x39\x2d\x32\x2e\x33\x38\x37\x2d\x30\x2e\x39\
\x30\x39\x2d\x33\x2e\x33\x30\x33\x2c\x30\x4c\x35\x30\x2e\x35\x37\
\x35\x2c\x38\x34\x2e\x32\x32\x35\x6c\x2d\x36\x2e\x34\x38\x31\x2d\
\x36\x2e\x34\x37\x34\x6c\x32\x33\x2e\x32\x35\x35\x2d\x32\x33\x2e\
\x32\x35\x39\x20\x20\x20\x20\x63\x30\x2e\x39\x30\x35\x2d\x30\x2e\
\x39\x31\x33\x2c\x30\x2e\x39\x30\x35\x2d\x32\x2e\x34\x30\x31\x2d\
\x30\x2e\x30\x30\x34\x2d\x33\x2e\x33\x31\x34\x63\x2d\x30\x2e\x39\
\x31\x36\x2d\x30\x2e\x39\x31\x33\x2d\x32\x2e\x33\x39\x38\x2d\x30\
\x2e\x39\x31\x33\x2d\x33\x2e\x33\x31\x34\x2c\x30\x4c\x34\x30\x2e\
\x37\x38\x36\x2c\x37\x34\x2e\x34\x33\x33\x6c\x2d\x34\x2e\x34\x37\
\x2d\x34\x2e\x34\x37\x37\x6c\x31\x35\x2e\x37\x31\x38\x2d\x31\x35\
\x2e\x37\x31\x38\x20\x20\x20\x20\x63\x30\x2e\x39\x31\x33\x2d\x30\
\x2e\x39\x31\x33\x2c\x30\x2e\x39\x31\x33\x2d\x32\x2e\x33\x39\x31\
\x2c\x30\x2d\x33\x2e\x33\x30\x33\x63\x2d\x30\x2e\x39\x31\x36\x2d\
\x30\x2e\x39\x32\x33\x2d\x32\x2e\x33\x39\x34\x2d\x30\x2e\x39\x32\
\x33\x2d\x33\x2e\x33\x31\x34\x2c\x30\x4c\x33\x32\x2e\x39\x39\x39\
\x2c\x36\x36\x2e\x36\x35\x33\x6c\x2d\x35\x2e\x39\x37\x33\x2d\x35\
\x2e\x39\x37\x37\x6c\x31\x35\x2e\x37\x31\x38\x2d\x31\x35\x2e\x37\
\x31\x38\x20\x20\x20\x20\x63\x30\x2e\x39\x31\x36\x2d\x30\x2e\x39\
\x32\x33\x2c\x30\x2e\x39\x31\x36\x2d\x32\x2e\x34\x30\x31\x2c\x30\
\x2d\x33\x2e\x33\x31\x34\x63\x2d\x30\x2e\x39\x31\x33\x2d\x30\x2e\
\x39\x31\x33\x2d\x32\x2e\x33\x39\x31\x2d\x30\x2e\x39\x31\x33\x2d\
\x33\x2e\x33\x31\x2c\x30\x4c\x32\x33\x2e\x37\x32\x32\x2c\x35\x37\
\x2e\x33\x36\x32\x6c\x2d\x35\x2e\x37\x33\x37\x2d\x35\x2e\x37\x32\
\x36\x6c\x31\x35\x2e\x37\x32\x32\x2d\x31\x35\x2e\x37\x32\x39\x20\
\x20\x20\x20\x63\x30\x2e\x39\x31\x36\x2d\x30\x2e\x39\x30\x32\x2c\
\x30\x2e\x39\x31\x36\x2d\x32\x2e\x33\x38\x34\x2c\x30\x2d\x33\x2e\
\x33\x30\x33\x63\x2d\x30\x2e\x39\x31\x36\x2d\x30\x2e\x39\x31\x33\
\x2d\x32\x2e\x33\x39\x34\x2d\x30\x2e\x39\x31\x33\x2d\x33\x2e\x33\
\x30\x37\x2c\x30\x4c\x31\x34\x2e\x36\x37\x32\x2c\x34\x38\x2e\x33\
\x33\x32\x6c\x2d\x36\x2e\x36\x31\x37\x2d\x36\x2e\x36\x32\x38\x4c\
\x34\x31\x2e\x37\x31\x37\x2c\x38\x2e\x30\x34\x39\x7a\x22\x2f\x3e\
\x0a\x09\x3c\x2f\x67\x3e\x0a\x3c\x2f\x67\x3e\x0a\x3c\x2f\x73\x76\
\x67\x3e\
\x00\x00\x04\xf7\
\x3c\
\x73\x76\x67\x20\x78\x6d\x6c\x6e\x73\x3d\x22\x68\x74\x74\x70\x3a\
\x2f\x2f\x77\x77\x77\x2e\x77\x33\x2e\x6f\x72\x67\x2f\x32\x30\x30\
\x30\x2f\x73\x76\x67\x22\x20\x78\x6d\x6c\x6e\x73\x3a\x78\x6c\x69\
\x6e\x6b\x3d\x22\x68\x74\x74\x70\x3a\x2f\x2f\x77\x77\x77\x2e\x77\
\x33\x2e\x6f\x72\x67\x2f\x31\x39\x39\x39\x2f\x78\x6c\x69\x6e\x6b\
\x22\x20\x68\x65\x69\x67\x68\x74\x3d\x22\x38\x30\x30\x70\x78\x22\
\x20\x77\x69\x64\x74\x68\x3d\x22\x38\x30\x30\x70\x78\x22\x20\x76\
\x65\x72\x73\x69\x6f\x6e\x3d\x22\x31\x2e\x31\x22\x20\x69\x64\x3d\
\x22\x5f\x78\x33\x32\x5f\x22\x20\x76\x69\x65\x77\x42\x6f\x78\x3d\
\x22\x2d\x33\x20\x2d\x33\x20\x35\x31\x38\x20\x35\x31\x38\x22\x20\
\x78\x6d\x6c\x3a\x73\x70\x61\x63\x65\x3d\x22\x70\x72\x65\x73\x65\
\x72\x76\x65\x22\x3e\x3c\x67\x20\x69\x64\x3d\x22\x64\x65\x65\x64\
\x69\x74\x6f\x72\x5f\x62\x67\x43\x61\x72\x72\x69\x65\x72\x22\x20\
\x73\x74\x72\x6f\x6b\x65\x2d\x77\x69\x64\x74\x68\x3d\x22\x30\x22\
\x3e\x0a\x20\x20\x20\x20\x3c\x72\x65\x63\x74\x20\x69\x64\x3d\x22\
\x64\x65\x65\x5f\x63\x5f\x65\x22\x20\x78\x3d\x22\x2d\x33\x22\x20\
\x79\x3d\x22\x2d\x33\x22\x20\x77\x69\x64\x74\x68\x3d\x22\x35\x31\
\x38\x22\x20\x68\x65\x69\x67\x68\x74\x3d\x22\x35\x31\x38\x22\x20\
\x72\x78\x3d\x22\x30\x22\x20\x66\x69\x6c\x6c\x3d\x22\x23\x33\x66\
\x39\x63\x64\x35\x22\x20\x73\x74\x72\x6f\x6b\x65\x77\x69\x64\x74\
\x68\x3d\x22\x30\x22\x2f\x3e\x0a\x20\x20\x3c\x2f\x67\x3e\x0a\x3c\
\x73\x74\x79\x6c\x65\x20\x74\x79\x70\x65\x3d\x22\x74\x65\x78\x74\
\x2f\x63\x73\x73\x22\x3e\x0a\x09\x2e\x73\x74\x30\x7b\x66\x69\x6c\
\x6c\x3a\x23\x66\x66\x66\x66\x66\x66\x3b\x7d\x0a\x3c\x2f\x73\x74\
\x79\x6c\x65\x3e\x0a\x3c\x67\x3e\x0a\x09\x3c\x70\x61\x74\x68\x20\
\x63\x6c\x61\x73\x73\x3d\x22\x73\x74\x30\x22\x20\x64\x3d\x22\x4d\
\x37\x30\x2e\x36\x39\x37\x2c\x33\x39\x35\x2e\x33\x35\x32\x68\x38\
\x30\x2e\x36\x33\x33\x63\x35\x2e\x36\x35\x38\x2c\x30\x2c\x31\x30\
\x2e\x32\x34\x36\x2d\x34\x2e\x32\x35\x32\x2c\x31\x30\x2e\x32\x34\
\x36\x2d\x39\x2e\x34\x39\x38\x76\x2d\x31\x34\x33\x2e\x37\x32\x63\
\x30\x2d\x35\x2e\x32\x34\x36\x2d\x34\x2e\x35\x38\x38\x2d\x39\x2e\
\x34\x39\x39\x2d\x31\x30\x2e\x32\x34\x36\x2d\x39\x2e\x34\x39\x39\
\x48\x37\x30\x2e\x36\x39\x37\x20\x20\x20\x63\x2d\x35\x2e\x36\x35\
\x38\x2c\x30\x2d\x31\x30\x2e\x32\x34\x36\x2c\x34\x2e\x32\x35\x33\
\x2d\x31\x30\x2e\x32\x34\x36\x2c\x39\x2e\x34\x39\x39\x76\x31\x34\
\x33\x2e\x37\x32\x43\x36\x30\x2e\x34\x35\x31\x2c\x33\x39\x31\x2e\
\x31\x2c\x36\x35\x2e\x30\x33\x39\x2c\x33\x39\x35\x2e\x33\x35\x32\
\x2c\x37\x30\x2e\x36\x39\x37\x2c\x33\x39\x35\x2e\x33\x35\x32\x7a\
\x22\x20\x66\x69\x6c\x6c\x3d\x22\x23\x66\x66\x66\x66\x66\x66\x22\
\x2f\x3e\x0a\x09\x3c\x70\x61\x74\x68\x20\x63\x6c\x61\x73\x73\x3d\
\x22\x73\x74\x30\x22\x20\x64\x3d\x22\x4d\x32\x31\x35\x2e\x36\x38\
\x34\x2c\x33\x39\x35\x2e\x33\x35\x32\x68\x38\x30\x2e\x36\x33\x31\
\x63\x35\x2e\x36\x35\x38\x2c\x30\x2c\x31\x30\x2e\x32\x34\x38\x2d\
\x34\x2e\x32\x35\x32\x2c\x31\x30\x2e\x32\x34\x38\x2d\x39\x2e\x34\
\x39\x38\x56\x31\x34\x31\x2e\x31\x31\x37\x63\x30\x2d\x35\x2e\x32\
\x34\x36\x2d\x34\x2e\x35\x39\x2d\x39\x2e\x34\x39\x38\x2d\x31\x30\
\x2e\x32\x34\x38\x2d\x39\x2e\x34\x39\x38\x68\x2d\x38\x30\x2e\x36\
\x33\x31\x20\x20\x20\x63\x2d\x35\x2e\x36\x36\x2c\x30\x2d\x31\x30\
\x2e\x32\x34\x38\x2c\x34\x2e\x32\x35\x32\x2d\x31\x30\x2e\x32\x34\
\x38\x2c\x39\x2e\x34\x39\x38\x76\x32\x34\x34\x2e\x37\x33\x36\x43\
\x32\x30\x35\x2e\x34\x33\x36\x2c\x33\x39\x31\x2e\x31\x2c\x32\x31\
\x30\x2e\x30\x32\x34\x2c\x33\x39\x35\x2e\x33\x35\x32\x2c\x32\x31\
\x35\x2e\x36\x38\x34\x2c\x33\x39\x35\x2e\x33\x35\x32\x7a\x22\x20\
\x66\x69\x6c\x6c\x3d\x22\x23\x66\x66\x66\x66\x66\x66\x22\x2f\x3e\
\x0a\x09\x3c\x70\x61\x74\x68\x20\x63\x6c\x61\x73\x73\x3d\x22\x73\
\x74\x30\x22\x20\x64\x3d\x22\x4d\x33\x36\x30\x2e\x36\x36\x38\x2c\
\x33\x39\x35\x2e\x33\x35\x32\x68\x38\x30\x2e\x36\x33\x31\x63\x35\
\x2e\x36\x36\x2c\x30\x2c\x31\x30\x2e\x32\x34\x38\x2d\x34\x2e\x32\
\x35\x32\x2c\x31\x30\x2e\x32\x34\x38\x2d\x39\x2e\x34\x39\x38\x56\
\x32\x35\x2e\x39\x36\x34\x63\x30\x2d\x35\x2e\x32\x34\x36\x2d\x34\
\x2e\x35\x38\x38\x2d\x39\x2e\x34\x39\x39\x2d\x31\x30\x2e\x32\x34\
\x38\x2d\x39\x2e\x34\x39\x39\x68\x2d\x38\x30\x2e\x36\x33\x31\x20\
\x20\x20\x63\x2d\x35\x2e\x36\x36\x2c\x30\x2d\x31\x30\x2e\x32\x34\
\x38\x2c\x34\x2e\x32\x35\x33\x2d\x31\x30\x2e\x32\x34\x38\x2c\x39\
\x2e\x34\x39\x39\x76\x33\x35\x39\x2e\x38\x39\x43\x33\x35\x30\x2e\
\x34\x32\x2c\x33\x39\x31\x2e\x31\x2c\x33\x35\x35\x2e\x30\x30\x38\
\x2c\x33\x39\x35\x2e\x33\x35\x32\x2c\x33\x36\x30\x2e\x36\x36\x38\
\x2c\x33\x39\x35\x2e\x33\x35\x32\x7a\x22\x20\x66\x69\x6c\x6c\x3d\
\x22\x23\x66\x66\x66\x66\x66\x66\x22\x2f\x3e\x0a\x09\x3c\x70\x6f\
\x6c\x79\x67\x6f\x6e\x20\x63\x6c\x61\x73\x73\x3d\x22\x73\x74\x30\
\x22\x20\x70\x6f\x69\x6e\x74\x73\x3d\x22\x34\x39\x35\x2e\x34\x32\
\x36\x2c\x34\x33\x38\x2e\x36\x33\x33\x20\x31\x36\x2e\x35\x37\x34\
\x2c\x34\x33\x38\x2e\x36\x33\x33\x20\x30\x2c\x34\x33\x38\x2e\x36\
\x33\x33\x20\x30\x2c\x34\x39\x35\x2e\x35\x33\x35\x20\x31\x36\x2e\
\x35\x37\x34\x2c\x34\x39\x35\x2e\x35\x33\x35\x20\x34\x39\x35\x2e\
\x34\x32\x36\x2c\x34\x39\x35\x2e\x35\x33\x35\x20\x35\x31\x32\x2c\
\x34\x39\x35\x2e\x35\x33\x35\x20\x20\x20\x20\x35\x31\x32\x2c\x34\
\x33\x38\x2e\x36\x33\x33\x20\x20\x22\x20\x66\x69\x6c\x6c\x3d\x22\
\x23\x66\x66\x66\x66\x66\x66\x22\x2f\x3e\x0a\x3c\x2f\x67\x3e\x0a\
\x3c\x2f\x73\x76\x67\x3e\
\x00\x00\x04\x30\
\x3c\
\x3f\x78\x6d\x6c\x20\x76\x65\x72\x73\x69\x6f\x6e\x3d\x22\x31\x2e\
\x30\x22\x20\x65\x6e\x63\x6f\x64\x69\x6e\x67\x3d\x22\x75\x74\x66\
\x2d\x38\x22\x3f\x3e\x3c\x21\x2d\x2d\x20\x55\x70\x6c\x6f\x61\x64\
\x65\x64\x20\x74\x6f\x3a\x20\x53\x56\x47\x20\x52\x65\x70\x6f\x2c\
\x20\x77\x77\x77\x2e\x73\x76\x67\x72\x65\x70\x6f\x2e\x63\x6f\x6d\
\x2c\x20\x47\x65\x6e\x65\x72\x61\x74\x6f\x72\x3a\x20\x53\x56\x47\
\x20\x52\x65\x70\x6f\x20\x4d\x69\x78\x65\x72\x20\x54\x6f\x6f\x6c\
\x73\x20\x2d\x2d\x3e\x0d\x0a\x3c\x73\x76\x67\x20\x77\x69\x64\x74\
\x68\x3d\x22\x38\x30\x30\x70\x78\x22\x20\x68\x65\x69\x67\x68\x74\
\x3d\x22\x38\x30\x30\x70\x78\x22\x20\x76\x69\x65\x77\x42\x6f\x78\
\x3d\x22\x30\x20\x30\x20\x32\x34\x20\x32\x34\x22\x20\x66\x69\x6c\
\x6c\x3d\x22\x6e\x6f\x6e\x65\x22\x20\x78\x6d\x6c\x6e\x73\x3d\x22\
\x68\x74\x74\x70\x3a\x2f\x2f\x77\x77\x77\x2e\x77\x33\x2e\x6f\x72\
\x67\x2f\x32\x30\x30\x30\x2f\x73\x76\x67\x22\x3e\x0d\x0a\x3c\x70\
\x61\x74\x68\x20\x64\x3d\x22\x4d\x33\x20\x38\x2e\x32\x43\x33\x20\
\x37\x2e\x30\x37\x39\x38\x39\x20\x33\x20\x36\x2e\x35\x31\x39\x38\
\x34\x20\x33\x2e\x32\x31\x37\x39\x39\x20\x36\x2e\x30\x39\x32\x30\
\x32\x43\x33\x2e\x34\x30\x39\x37\x33\x20\x35\x2e\x37\x31\x35\x36\
\x39\x20\x33\x2e\x37\x31\x35\x36\x39\x20\x35\x2e\x34\x30\x39\x37\
\x33\x20\x34\x2e\x30\x39\x32\x30\x32\x20\x35\x2e\x32\x31\x37\x39\
\x39\x43\x34\x2e\x35\x31\x39\x38\x34\x20\x35\x20\x35\x2e\x30\x37\
\x39\x39\x20\x35\x20\x36\x2e\x32\x20\x35\x48\x39\x2e\x36\x37\x34\
\x35\x32\x43\x31\x30\x2e\x31\x36\x33\x37\x20\x35\x20\x31\x30\x2e\
\x34\x30\x38\x33\x20\x35\x20\x31\x30\x2e\x36\x33\x38\x35\x20\x35\
\x2e\x30\x35\x35\x32\x36\x43\x31\x30\x2e\x38\x34\x32\x35\x20\x35\
\x2e\x31\x30\x34\x32\x35\x20\x31\x31\x2e\x30\x33\x37\x36\x20\x35\
\x2e\x31\x38\x35\x30\x36\x20\x31\x31\x2e\x32\x31\x36\x36\x20\x35\
\x2e\x32\x39\x34\x37\x32\x43\x31\x31\x2e\x34\x31\x38\x34\x20\x35\
\x2e\x34\x31\x38\x34\x20\x31\x31\x2e\x35\x39\x31\x34\x20\x35\x2e\
\x35\x39\x31\x33\x35\x20\x31\x31\x2e\x39\x33\x37\x33\x20\x35\x2e\
\x39\x33\x37\x32\x36\x4c\x31\x32\x2e\x30\x36\x32\x37\x20\x36\x2e\
\x30\x36\x32\x37\x34\x43\x31\x32\x2e\x34\x30\x38\x36\x20\x36\x2e\
\x34\x30\x38\x36\x35\x20\x31\x32\x2e\x35\x38\x31\x36\x20\x36\x2e\
\x35\x38\x31\x36\x20\x31\x32\x2e\x37\x38\x33\x34\x20\x36\x2e\x37\
\x30\x35\x32\x38\x43\x31\x32\x2e\x39\x36\x32\x34\x20\x36\x2e\x38\
\x31\x34\x39\x34\x20\x31\x33\x2e\x31\x35\x37\x35\x20\x36\x2e\x38\
\x39\x35\x37\x35\x20\x31\x33\x2e\x33\x36\x31\x35\x20\x36\x2e\x39\
\x34\x34\x37\x34\x43\x31\x33\x2e\x35\x39\x31\x37\x20\x37\x20\x31\
\x33\x2e\x38\x33\x36\x33\x20\x37\x20\x31\x34\x2e\x33\x32\x35\x35\
\x20\x37\x48\x31\x37\x2e\x38\x43\x31\x38\x2e\x39\x32\x30\x31\x20\
\x37\x20\x31\x39\x2e\x34\x38\x30\x32\x20\x37\x20\x31\x39\x2e\x39\
\x30\x38\x20\x37\x2e\x32\x31\x37\x39\x39\x43\x32\x30\x2e\x32\x38\
\x34\x33\x20\x37\x2e\x34\x30\x39\x37\x33\x20\x32\x30\x2e\x35\x39\
\x30\x33\x20\x37\x2e\x37\x31\x35\x36\x39\x20\x32\x30\x2e\x37\x38\
\x32\x20\x38\x2e\x30\x39\x32\x30\x32\x43\x32\x31\x20\x38\x2e\x35\
\x31\x39\x38\x34\x20\x32\x31\x20\x39\x2e\x30\x37\x39\x39\x20\x32\
\x31\x20\x31\x30\x2e\x32\x56\x31\x35\x2e\x38\x43\x32\x31\x20\x31\
\x36\x2e\x39\x32\x30\x31\x20\x32\x31\x20\x31\x37\x2e\x34\x38\x30\
\x32\x20\x32\x30\x2e\x37\x38\x32\x20\x31\x37\x2e\x39\x30\x38\x43\
\x32\x30\x2e\x35\x39\x30\x33\x20\x31\x38\x2e\x32\x38\x34\x33\x20\
\x32\x30\x2e\x32\x38\x34\x33\x20\x31\x38\x2e\x35\x39\x30\x33\x20\
\x31\x39\x2e\x39\x30\x38\x20\x31\x38\x2e\x37\x38\x32\x43\x31\x39\
\x2e\x34\x38\x30\x32\x20\x31\x39\x20\x31\x38\x2e\x39\x32\x30\x31\
\x20\x31\x39\x20\x31\x37\x2e\x38\x20\x31\x39\x48\x36\x2e\x32\x43\
\x35\x2e\x30\x37\x39\x38\x39\x20\x31\x39\x20\x34\x2e\x35\x31\x39\
\x38\x34\x20\x31\x39\x20\x34\x2e\x30\x39\x32\x30\x32\x20\x31\x38\
\x2e\x37\x38\x32\x43\x33\x2e\x37\x31\x35\x36\x39\x20\x31\x38\x2e\
\x35\x39\x30\x33\x20\x33\x2e\x34\x30\x39\x37\x33\x20\x31\x38\x2e\
\x32\x38\x34\x33\x20\x33\x2e\x32\x31\x37\x39\x39\x20\x31\x37\x2e\
\x39\x30\x38\x43\x33\x20\x31\x37\x2e\x34\x38\x30\x32\x20\x33\x20\
\x31\x36\x2e\x39\x32\x30\x31\x20\x33\x20\x31\x35\x2e\x38\x56\x38\
\x2e\x32\x5a\x22\x20\x73\x74\x72\x6f\x6b\x65\x3d\x22\x23\x61\x39\
\x62\x33\x61\x36\x22\x20\x73\x74\x72\x6f\x6b\x65\x2d\x77\x69\x64\
\x74\x68\x3d\x22\x32\x22\x20\x73\x74\x72\x6f\x6b\x65\x2d\x6c\x69\
\x6e\x65\x63\x61\x70\x3d\x22\x72\x6f\x75\x6e\x64\x22\x20\x73\x74\
\x72\x6f\x6b\x65\x2d\x6c\x69\x6e\x65\x6a\x6f\x69\x6e\x3d\x22\x72\
\x6f\x75\x6e\x64\x22\x2f\x3e\x0d\x0a\x3c\x2f\x73\x76\x67\x3e\
\x00\x00\x09\x03\
\x3c\
\x73\x76\x67\x20\x78\x6d\x6c\x6e\x73\x3d\x22\x68\x74\x74\x70\x3a\
\x2f\x2f\x77\x77\x77\x2e\x77\x33\x2e\x6f\x72\x67\x2f\x32\x30\x30\
\x30\x2f\x73\x76\x67\x22\x20\x78\x6d\x6c\x6e\x73\x3a\x78\x6c\x69\
\x6e\x6b\x3d\x22\x68\x74\x74\x70\x3a\x2f\x2f\x77\x77\x77\x2e\x77\
\x33\x2e\x6f\x72\x67\x2f\x31\x39\x39\x39\x2f\x78\x6c\x69\x6e\x6b\
\x22\x20\x68\x65\x69\x67\x68\x74\x3d\x22\x38\x30\x30\x70\x78\x22\
\x20\x77\x69\x64\x74\x68\x3d\x22\x38\x30\x30\x70\x78\x22\x20\x76\
\x65\x72\x73\x69\x6f\x6e\x3d\x22\x31\x2e\x31\x22\x20\x69\x64\x3d\
\x22\x43\x61\x70\x61\x5f\x31\x22\x20\x76\x69\x65\x77\x42\x6f\x78\
\x3d\x22\x2d\x33\x20\x2d\x33\x20\x32\x30\x39\x20\x32\x30\x39\x22\
\x20\x78\x6d\x6c\x3a\x73\x70\x61\x63\x65\x3d\x22\x70\x72\x65\x73\
\x65\x72\x76\x65\x22\x3e\x3c\x67\x20\x69\x64\x3d\x22\x64\x65\x65\
\x64\x69\x74\x6f\x72\x5f\x62\x67\x43\x61\x72\x72\x69\x65\x72\x22\
\x20\x73\x74\x72\x6f\x6b\x65\x2d\x77\x69\x64\x74\x68\x3d\x22\x30\
\x22\x3e\x0a\x20\x20\x20\x20\x3c\x72\x65\x63\x74\x20\x69\x64\x3d\
\x22\x64\x65\x65\x5f\x63\x5f\x65\x22\x20\x78\x3d\x22\x2d\x33\x22\
\x20\x79\x3d\x22\x2d\x33\x22\x20\x77\x69\x64\x74\x68\x3d\x22\x32\
\x30\x39\x22\x20\x68\x65\x69\x67\x68\x74\x3d\x22\x32\x30\x39\x22\
\x20\x72\x78\x3d\x22\x30\x22\x20\x66\x69\x6c\x6c\x3d\x22\x23\x34\
\x31\x34\x65\x36\x31\x22\x20\x73\x74\x72\x6f\x6b\x65\x77\x69\x64\
\x74\x68\x3d\x22\x30\x22\x2f\x3e\x0a\x20\x20\x3c\x2f\x67\x3e\x0a\
\x3c\x67\x3e\x0a\x09\x3c\x67\x3e\x0a\x09\x09\x3c\x70\x61\x74\x68\
\x20\x73\x74\x79\x6c\x65\x3d\x22\x66\x69\x6c\x6c\x3a\x23\x66\x66\
\x66\x66\x66\x66\x3b\x22\x20\x64\x3d\x22\x4d\x34\x31\x2e\x37\x31\
\x37\x2c\x30\x4c\x30\x2e\x30\x30\x32\x2c\x34\x31\x2e\x37\x32\x32\
\x6c\x31\x36\x31\x2e\x38\x32\x31\x2c\x31\x36\x31\x2e\x38\x32\x31\
\x6c\x34\x31\x2e\x37\x31\x39\x2d\x34\x31\x2e\x37\x31\x39\x4c\x34\
\x31\x2e\x37\x31\x37\x2c\x30\x7a\x20\x4d\x34\x31\x2e\x37\x31\x37\
\x2c\x38\x2e\x30\x34\x39\x6c\x31\x35\x33\x2e\x37\x38\x2c\x31\x35\
\x33\x2e\x37\x37\x36\x20\x20\x20\x20\x6c\x2d\x33\x33\x2e\x36\x37\
\x33\x2c\x33\x33\x2e\x36\x37\x33\x6c\x2d\x34\x2e\x34\x35\x32\x2d\
\x34\x2e\x34\x35\x39\x6c\x32\x33\x2e\x32\x34\x35\x2d\x32\x33\x2e\
\x32\x35\x35\x63\x30\x2e\x39\x32\x2d\x30\x2e\x39\x31\x33\x2c\x30\
\x2e\x39\x32\x2d\x32\x2e\x33\x39\x31\x2c\x30\x2d\x33\x2e\x33\x30\
\x33\x63\x2d\x30\x2e\x39\x31\x33\x2d\x30\x2e\x39\x31\x33\x2d\x32\
\x2e\x33\x39\x31\x2d\x30\x2e\x39\x32\x33\x2d\x33\x2e\x33\x30\x33\
\x2c\x30\x6c\x2d\x32\x33\x2e\x32\x35\x35\x2c\x32\x33\x2e\x32\x34\
\x35\x20\x20\x20\x20\x6c\x2d\x37\x2e\x32\x33\x33\x2d\x37\x2e\x32\
\x32\x36\x6c\x31\x34\x2e\x39\x37\x34\x2d\x31\x34\x2e\x39\x37\x37\
\x63\x30\x2e\x39\x31\x36\x2d\x30\x2e\x39\x31\x33\x2c\x30\x2e\x39\
\x31\x36\x2d\x32\x2e\x33\x39\x34\x2c\x30\x2d\x33\x2e\x33\x30\x37\
\x63\x2d\x30\x2e\x39\x32\x2d\x30\x2e\x39\x32\x33\x2d\x32\x2e\x33\
\x38\x37\x2d\x30\x2e\x39\x32\x33\x2d\x33\x2e\x33\x30\x37\x2c\x30\
\x6c\x2d\x31\x34\x2e\x39\x37\x37\x2c\x31\x34\x2e\x39\x37\x6c\x2d\
\x35\x2e\x39\x37\x33\x2d\x35\x2e\x39\x38\x20\x20\x20\x20\x6c\x31\
\x34\x2e\x39\x37\x34\x2d\x31\x34\x2e\x39\x36\x37\x63\x30\x2e\x39\
\x30\x35\x2d\x30\x2e\x39\x31\x33\x2c\x30\x2e\x39\x30\x35\x2d\x32\
\x2e\x34\x30\x35\x2c\x30\x2d\x33\x2e\x33\x31\x34\x63\x2d\x30\x2e\
\x39\x32\x33\x2d\x30\x2e\x39\x31\x33\x2d\x32\x2e\x34\x30\x35\x2d\
\x30\x2e\x39\x31\x33\x2d\x33\x2e\x33\x32\x31\x2c\x30\x6c\x2d\x31\
\x34\x2e\x39\x36\x37\x2c\x31\x34\x2e\x39\x36\x37\x6c\x2d\x35\x2e\
\x37\x33\x2d\x35\x2e\x37\x32\x36\x6c\x31\x34\x2e\x39\x37\x2d\x31\
\x34\x2e\x39\x37\x20\x20\x20\x20\x63\x30\x2e\x39\x31\x36\x2d\x30\
\x2e\x39\x31\x33\x2c\x30\x2e\x39\x31\x36\x2d\x32\x2e\x33\x39\x31\
\x2c\x30\x2d\x33\x2e\x33\x30\x33\x63\x2d\x30\x2e\x39\x31\x33\x2d\
\x30\x2e\x39\x32\x33\x2d\x32\x2e\x33\x39\x31\x2d\x30\x2e\x39\x32\
\x33\x2d\x33\x2e\x33\x31\x2c\x30\x6c\x2d\x31\x34\x2e\x39\x37\x34\
\x2c\x31\x34\x2e\x39\x37\x6c\x2d\x36\x2e\x34\x37\x31\x2d\x36\x2e\
\x34\x38\x38\x6c\x32\x33\x2e\x32\x35\x32\x2d\x32\x33\x2e\x32\x34\
\x35\x20\x20\x20\x20\x63\x30\x2e\x39\x31\x33\x2d\x30\x2e\x39\x32\
\x33\x2c\x30\x2e\x39\x31\x33\x2d\x32\x2e\x34\x30\x35\x2c\x30\x2d\
\x33\x2e\x33\x31\x34\x63\x2d\x30\x2e\x39\x32\x33\x2d\x30\x2e\x39\
\x31\x33\x2d\x32\x2e\x33\x39\x38\x2d\x30\x2e\x39\x31\x33\x2d\x33\
\x2e\x33\x31\x34\x2c\x30\x6c\x2d\x32\x33\x2e\x32\x34\x38\x2c\x32\
\x33\x2e\x32\x35\x35\x6c\x2d\x34\x2e\x34\x37\x37\x2d\x34\x2e\x34\
\x38\x31\x6c\x31\x35\x2e\x37\x32\x39\x2d\x31\x35\x2e\x37\x31\x38\
\x20\x20\x20\x20\x63\x30\x2e\x39\x31\x33\x2d\x30\x2e\x39\x31\x33\
\x2c\x30\x2e\x39\x31\x33\x2d\x32\x2e\x33\x39\x31\x2d\x30\x2e\x30\
\x31\x31\x2d\x33\x2e\x33\x31\x34\x63\x2d\x30\x2e\x39\x30\x39\x2d\
\x30\x2e\x39\x31\x33\x2d\x32\x2e\x33\x38\x37\x2d\x30\x2e\x39\x31\
\x33\x2d\x33\x2e\x33\x30\x33\x2c\x30\x6c\x2d\x31\x35\x2e\x37\x32\
\x35\x2c\x31\x35\x2e\x37\x32\x39\x6c\x2d\x35\x2e\x39\x37\x37\x2d\
\x35\x2e\x39\x38\x6c\x31\x35\x2e\x37\x32\x32\x2d\x31\x35\x2e\x37\
\x32\x39\x20\x20\x20\x20\x63\x30\x2e\x39\x31\x36\x2d\x30\x2e\x39\
\x31\x33\x2c\x30\x2e\x39\x31\x36\x2d\x32\x2e\x33\x39\x31\x2c\x30\
\x2d\x33\x2e\x33\x30\x33\x63\x2d\x30\x2e\x39\x31\x33\x2d\x30\x2e\
\x39\x32\x33\x2d\x32\x2e\x33\x39\x31\x2d\x30\x2e\x39\x32\x33\x2d\
\x33\x2e\x33\x30\x33\x2c\x30\x6c\x2d\x31\x35\x2e\x37\x32\x39\x2c\
\x31\x35\x2e\x37\x31\x38\x6c\x2d\x35\x2e\x37\x32\x36\x2d\x35\x2e\
\x37\x32\x36\x6c\x31\x35\x2e\x37\x32\x32\x2d\x31\x35\x2e\x37\x31\
\x38\x20\x20\x20\x20\x63\x30\x2e\x39\x31\x36\x2d\x30\x2e\x39\x32\
\x33\x2c\x30\x2e\x39\x31\x36\x2d\x32\x2e\x34\x30\x31\x2c\x30\x2d\
\x33\x2e\x33\x31\x34\x63\x2d\x30\x2e\x39\x31\x36\x2d\x30\x2e\x39\
\x31\x33\x2d\x32\x2e\x33\x39\x38\x2d\x30\x2e\x39\x31\x33\x2d\x33\
\x2e\x33\x31\x2c\x30\x6c\x2d\x31\x35\x2e\x37\x32\x35\x2c\x31\x35\
\x2e\x37\x31\x38\x6c\x2d\x36\x2e\x35\x34\x36\x2d\x36\x2e\x35\x34\
\x36\x4c\x31\x30\x36\x2c\x39\x33\x2e\x31\x34\x37\x20\x20\x20\x20\
\x63\x30\x2e\x39\x31\x33\x2d\x30\x2e\x39\x31\x33\x2c\x30\x2e\x39\
\x30\x35\x2d\x32\x2e\x33\x39\x31\x2d\x30\x2e\x30\x31\x31\x2d\x33\
\x2e\x33\x30\x33\x63\x2d\x30\x2e\x39\x31\x33\x2d\x30\x2e\x39\x31\
\x33\x2d\x32\x2e\x33\x39\x34\x2d\x30\x2e\x39\x31\x33\x2d\x33\x2e\
\x33\x30\x33\x2d\x30\x2e\x30\x31\x31\x6c\x2d\x32\x33\x2e\x32\x35\
\x35\x2c\x32\x33\x2e\x32\x35\x39\x6c\x2d\x37\x2e\x32\x32\x36\x2d\
\x37\x2e\x32\x32\x39\x6c\x31\x34\x2e\x39\x36\x37\x2d\x31\x34\x2e\
\x39\x37\x37\x20\x20\x20\x20\x63\x30\x2e\x39\x31\x36\x2d\x30\x2e\
\x39\x31\x33\x2c\x30\x2e\x39\x31\x36\x2d\x32\x2e\x33\x39\x31\x2d\
\x30\x2e\x30\x31\x31\x2d\x33\x2e\x33\x30\x33\x63\x2d\x30\x2e\x39\
\x30\x32\x2d\x30\x2e\x39\x32\x33\x2d\x32\x2e\x33\x38\x34\x2d\x30\
\x2e\x39\x31\x33\x2d\x33\x2e\x32\x39\x36\x2c\x30\x6c\x2d\x31\x34\
\x2e\x39\x37\x34\x2c\x31\x34\x2e\x39\x36\x37\x6c\x2d\x35\x2e\x39\
\x38\x34\x2d\x35\x2e\x39\x38\x6c\x31\x34\x2e\x39\x37\x37\x2d\x31\
\x34\x2e\x39\x36\x37\x20\x20\x20\x20\x63\x30\x2e\x39\x30\x35\x2d\
\x30\x2e\x39\x31\x33\x2c\x30\x2e\x39\x30\x35\x2d\x32\x2e\x34\x30\
\x31\x2c\x30\x2d\x33\x2e\x33\x30\x33\x63\x2d\x30\x2e\x39\x31\x36\
\x2d\x30\x2e\x39\x32\x33\x2d\x32\x2e\x33\x39\x34\x2d\x30\x2e\x39\
\x32\x33\x2d\x33\x2e\x33\x30\x37\x2d\x30\x2e\x30\x31\x31\x4c\x35\
\x39\x2e\x36\x31\x31\x2c\x39\x33\x2e\x32\x36\x35\x6c\x2d\x35\x2e\
\x37\x33\x2d\x35\x2e\x37\x33\x37\x6c\x31\x34\x2e\x39\x36\x33\x2d\
\x31\x34\x2e\x39\x36\x37\x20\x20\x20\x20\x63\x30\x2e\x39\x32\x2d\
\x30\x2e\x39\x31\x33\x2c\x30\x2e\x39\x31\x33\x2d\x32\x2e\x33\x39\
\x31\x2c\x30\x2d\x33\x2e\x33\x31\x34\x63\x2d\x30\x2e\x39\x30\x35\
\x2d\x30\x2e\x39\x30\x39\x2d\x32\x2e\x33\x38\x37\x2d\x30\x2e\x39\
\x30\x39\x2d\x33\x2e\x33\x30\x33\x2c\x30\x4c\x35\x30\x2e\x35\x37\
\x35\x2c\x38\x34\x2e\x32\x32\x35\x6c\x2d\x36\x2e\x34\x38\x31\x2d\
\x36\x2e\x34\x37\x34\x6c\x32\x33\x2e\x32\x35\x35\x2d\x32\x33\x2e\
\x32\x35\x39\x20\x20\x20\x20\x63\x30\x2e\x39\x30\x35\x2d\x30\x2e\
\x39\x31\x33\x2c\x30\x2e\x39\x30\x35\x2d\x32\x2e\x34\x30\x31\x2d\
\x30\x2e\x30\x30\x34\x2d\x33\x2e\x33\x31\x34\x63\x2d\x30\x2e\x39\
\x31\x36\x2d\x30\x2e\x39\x31\x33\x2d\x32\x2e\x33\x39\x38\x2d\x30\
\x2e\x39\x31\x33\x2d\x33\x2e\x33\x31\x34\x2c\x30\x4c\x34\x30\x2e\
\x37\x38\x36\x2c\x37\x34\x2e\x34\x33\x33\x6c\x2d\x34\x2e\x34\x37\
\x2d\x34\x2e\x34\x37\x37\x6c\x31\x35\x2e\x37\x31\x38\x2d\x31\x35\
\x2e\x37\x31\x38\x20\x20\x20\x20\x63\x30\x2e\x39\x31\x33\x2d\x30\
\x2e\x39\x31\x33\x2c\x30\x2e\x39\x31\x33\x2d\x32\x2e\x33\x39\x31\
\x2c\x30\x2d\x33\x2e\x33\x30\x33\x63\x2d\x30\x2e\x39\x31\x36\x2d\
\x30\x2e\x39\x32\x33\x2d\x32\x2e\x33\x39\x34\x2d\x30\x2e\x39\x32\
\x33\x2d\x33\x2e\x33\x31\x34\x2c\x30\x4c\x33\x32\x2e\x39\x39\x39\
\x2c\x36\x36\x2e\x36\x35\x33\x6c\x2d\x35\x2e\x39\x37\x33\x2d\x35\
\x2e\x39\x37\x37\x6c\x31\x35\x2e\x37\x31\x38\x2d\x31\x35\x2e\x37\
\x31\x38\x20\x20\x20\x20\x63\x30\x2e\x39\x31\x36\x2d\x30\x2e\x39\
\x32\x33\x2c\x30\x2e\x39\x31\x36\x2d\x32\x2e\x34\x30\x31\x2c\x30\
\x2d\x33\x2e\x33\x31\x34\x63\x2d\x30\x2e\x39\x31\x33\x2d\x30\x2e\
\x39\x31\x33\x2d\x32\x2e\x33\x39\x31\x2d\x30\x2e\x39\x31\x33\x2d\
\x33\x2e\x33\x31\x2c\x30\x4c\x32\x33\x2e\x37\x32\x32\x2c\x35\x37\
\x2e\x33\x36\x32\x6c\x2d\x35\x2e\x37\x33\x37\x2d\x35\x2e\x37\x32\
\x36\x6c\x31\x35\x2e\x37\x32\x32\x2d\x31\x35\x2e\x37\x32\x39\x20\
\x20\x20\x20\x63\x30\x2e\x39\x31\x36\x2d\x30\x2e\x39\x30\x32\x2c\
\x30\x2e\x39\x31\x36\x2d\x32\x2e\x33\x38\x34\x2c\x30\x2d\x33\x2e\
\x33\x30\x33\x63\x2d\x30\x2e\x39\x31\x36\x2d\x30\x2e\x39\x31\x33\
\x2d\x32\x2e\x33\x39\x34\x2d\x30\x2e\x39\x31\x33\x2d\x33\x2e\x33\
\x30\x37\x2c\x30\x4c\x31\x34\x2e\x36\x37\x32\x2c\x34\x38\x2e\x33\
\x33\x32\x6c\x2d\x36\x2e\x36\x31\x37\x2d\x36\x2e\x36\x32\x38\x4c\
\x34\x31\x2e\x37\x31\x37\x2c\x38\x2e\x30\x34\x39\x7a\x22\x2f\x3e\
\x0a\x09\x3c\x2f\x67\x3e\x0a\x3c\x2f\x67\x3e\x0a\x3c\x2f\x73\x76\
\x67\x3e\
\x00\x00\x01\xf7\
\x3c\
\x73\x76\x67\x20\x78\x6d\x6c\x6e\x73\x3d\x22\x68\x74\x74\x70\x3a\
\x2f\x2f\x77\x77\x77\x2e\x77\x33\x2e\x6f\x72\x67\x2f\x32\x30\x30\
\x30\x2f\x73\x76\x67\x22\x20\x77\x69\x64\x74\x68\x3d\x22\x38\x30\
\x30\x70\x78\x22\x20\x68\x65\x69\x67\x68\x74\x3d\x22\x38\x30\x30\
\x70\x78\x22\x20\x76\x69\x65\x77\x42\x6f\x78\x3d\x22\x2d\x33\x20\
\x2d\x33\x20\x33\x30\x20\x33\x30\x22\x3e\x3c\x67\x20\x69\x64\x3d\
\x22\x64\x65\x65\x64\x69\x74\x6f\x72\x5f\x62\x67\x43\x61\x72\x72\
\x69\x65\x72\x22\x20\x73\x74\x72\x6f\x6b\x65\x2d\x77\x69\x64\x74\
\x68\x3d\x22\x30\x22\x3e\x0a\x20\x20\x20\x20\x3c\x72\x65\x63\x74\
\x20\x69\x64\x3d\x22\x64\x65\x65\x5f\x63\x5f\x65\x22\x20\x78\x3d\
\x22\x2d\x33\x22\x20\x79\x3d\x22\x2d\x33\x22\x20\x77\x69\x64\x74\
\x68\x3d\x22\x33\x30\x22\x20\x68\x65\x69\x67\x68\x74\x3d\x22\x33\
\x30\x22\x20\x72\x78\x3d\x22\x30\x22\x20\x66\x69\x6c\x6c\x3d\x22\
\x23\x33\x66\x39\x63\x64\x35\x22\x20\x73\x74\x72\x6f\x6b\x65\x77\
\x69\x64\x74\x68\x3d\x22\x30\x22\x2f\x3e\x0a\x20\x20\x3c\x2f\x67\
\x3e\x3c\x70\x61\x74\x68\x20\x64\x3d\x22\x4d\x31\x39\x2e\x35\x20\
\x34\x2e\x35\x61\x31\x20\x31\x20\x30\x20\x31\x20\x31\x20\x31\x2d\
\x31\x20\x31\x20\x31\x20\x30\x20\x30\x20\x31\x2d\x31\x20\x31\x7a\
\x6d\x2d\x32\x20\x35\x61\x31\x20\x31\x20\x30\x20\x31\x20\x30\x20\
\x31\x2d\x31\x20\x31\x20\x31\x20\x30\x20\x30\x20\x30\x2d\x31\x20\
\x31\x7a\x6d\x2d\x31\x30\x20\x38\x61\x31\x20\x31\x20\x30\x20\x31\
\x20\x30\x2d\x31\x20\x31\x20\x31\x20\x31\x20\x30\x20\x30\x20\x30\
\x20\x31\x2d\x31\x7a\x6d\x35\x2d\x32\x61\x31\x20\x31\x20\x30\x20\
\x31\x20\x30\x20\x31\x2d\x31\x20\x31\x20\x31\x20\x30\x20\x30\x20\
\x30\x2d\x31\x20\x31\x7a\x6d\x30\x2d\x38\x61\x31\x20\x31\x20\x30\
\x20\x31\x20\x30\x20\x31\x20\x31\x20\x31\x20\x31\x20\x30\x20\x30\
\x20\x30\x2d\x31\x2d\x31\x7a\x4d\x32\x20\x31\x48\x31\x76\x32\x32\
\x68\x32\x32\x76\x2d\x31\x48\x32\x7a\x22\x20\x66\x69\x6c\x6c\x3d\
\x22\x23\x66\x66\x66\x66\x66\x66\x22\x2f\x3e\x3c\x70\x61\x74\x68\
\x20\x66\x69\x6c\x6c\x3d\x22\x6e\x6f\x6e\x65\x22\x20\x64\x3d\x22\
\x4d\x30\x20\x30\x68\x32\x34\x76\x32\x34\x48\x30\x7a\x22\x2f\x3e\
\x3c\x2f\x73\x76\x67\x3e\
\x00\x00\x02\x03\
\x3c\
\x73\x76\x67\x20\x78\x6d\x6c\x6e\x73\x3d\x22\x68\x74\x74\x70\x3a\
\x2f\x2f\x77\x77\x77\x2e\x77\x33\x2e\x6f\x72\x67\x2f\x32\x30\x30\
\x30\x2f\x73\x76\x67\x22\x20\x77\x69\x64\x74\x68\x3d\x22\x38\x30\
\x30\x70\x78\x22\x20\x68\x65\x69\x67\x68\x74\x3d\x22\x38\x30\x30\
\x70\x78\x22\x20\x76\x69\x65\x77\x42\x6f\x78\x3d\x22\x2d\x33\x20\
\x2d\x33\x20\x33\x30\x20\x33\x30\x22\x20\x66\x69\x6c\x6c\x3d\x22\
\x6e\x6f\x6e\x65\x22\x3e\x3c\x67\x20\x69\x64\x3d\x22\x64\x65\x65\
\x64\x69\x74\x6f\x72\x5f\x62\x67\x43\x61\x72\x72\x69\x65\x72\x22\
\x20\x73\x74\x72\x6f\x6b\x65\x2d\x77\x69\x64\x74\x68\x3d\x22\x30\
\x22\x3e\x0a\x20\x20\x20\x20\x3c\x72\x65\x63\x74\x20\x69\x64\x3d\
\x22\x64\x65\x65\x5f\x63\x5f\x65\x22\x20\x78\x3d\x22\x2d\x33\x22\
\x20\x79\x3d\x22\x2d\x33\x22\x20\x77\x69\x64\x74\x68\x3d\x22\x33\
\x30\x22\x20\x68\x65\x69\x67\x68\x74\x3d\x22\x33\x30\x22\x20\x72\
\x78\x3d\x22\x30\x22\x20\x66\x69\x6c\x6c\x3d\x22\x23\x37\x62\x38\
\x30\x38\x37\x22\x20\x73\x74\x72\x6f\x6b\x65\x77\x69\x64\x74\x68\
\x3d\x22\x30\x22\x2f\x3e\x0a\x20\x20\x3c\x2f\x67\x3e\x0a\x3c\x70\
\x61\x74\x68\x20\x64\x3d\x22\x4d\x31\x35\x2e\x37\x39\x35\x35\x20\
\x31\x35\x2e\x38\x31\x31\x31\x4c\x32\x31\x20\x32\x31\x4d\x31\x38\
\x20\x31\x30\x2e\x35\x43\x31\x38\x20\x31\x34\x2e\x36\x34\x32\x31\
\x20\x31\x34\x2e\x36\x34\x32\x31\x20\x31\x38\x20\x31\x30\x2e\x35\
\x20\x31\x38\x43\x36\x2e\x33\x35\x37\x38\x36\x20\x31\x38\x20\x33\
\x20\x31\x34\x2e\x36\x34\x32\x31\x20\x33\x20\x31\x30\x2e\x35\x43\
\x33\x20\x36\x2e\x33\x35\x37\x38\x36\x20\x36\x2e\x33\x35\x37\x38\
\x36\x20\x33\x20\x31\x30\x2e\x35\x20\x33\x43\x31\x34\x2e\x36\x34\
\x32\x31\x20\x33\x20\x31\x38\x20\x36\x2e\x33\x35\x37\x38\x36\x20\
\x31\x38\x20\x31\x30\x2e\x35\x5a\x22\x20\x73\x74\x72\x6f\x6b\x65\
\x3d\x22\x23\x66\x66\x66\x66\x66\x66\x22\x20\x73\x74\x72\x6f\x6b\
\x65\x2d\x77\x69\x64\x74\x68\x3d\x22\x32\x22\x20\x73\x74\x72\x6f\
\x6b\x65\x2d\x6c\x69\x6e\x65\x63\x61\x70\x3d\x22\x72\x6f\x75\x6e\
\x64\x22\x20\x73\x74\x72\x6f\x6b\x65\x2d\x6c\x69\x6e\x65\x6a\x6f\
\x69\x6e\x3d\x22\x72\x6f\x75\x6e\x64\x22\x20\x66\x69\x6c\x6c\x3d\
\x22\x23\x66\x66\x66\x66\x66\x66\x22\x2f\x3e\x0a\x3c\x2f\x73\x76\
\x67\x3e\
\x00\x00\x02\x03\
\x3c\
\x73\x76\x67\x20\x78\x6d\x6c\x6e\x73\x3d\x22\x68\x74\x74\x70\x3a\
\x2f\x2f\x77\x77\x77\x2e\x77\x33\x2e\x6f\x72\x67\x2f\x32\x30\x30\
\x30\x2f\x73\x76\x67\x22\x20\x77\x69\x64\x74\x68\x3d\x22\x38\x30\
\x30\x70\x78\x22\x20\x68\x65\x69\x67\x68\x74\x3d\x22\x38\x30\x30\
\x70\x78\x22\x20\x76\x69\x65\x77\x42\x6f\x78\x3d\x22\x2d\x33\x20\
\x2d\x33\x20\x33\x30\x20\x33\x30\x22\x20\x66\x69\x6c\x6c\x3d\x22\
\x6e\x6f\x6e\x65\x22\x3e\x3c\x67\x20\x69\x64\x3d\x22\x64\x65\x65\
\x64\x69\x74\x6f\x72\x5f\x62\x67\x43\x61\x72\x72\x69\x65\x72\x22\
\x20\x73\x74\x72\x6f\x6b\x65\x2d\x77\x69\x64\x74\x68\x3d\x22\x30\
\x22\x3e\x0a\x20\x20\x20\x20\x3c\x72\x65\x63\x74\x20\x69\x64\x3d\
\x22\x64\x65\x65\x5f\x63\x5f\x65\x22\x20\x78\x3d\x22\x2d\x33\x22\
\x20\x79\x3d\x22\x2d\x33\x22\x20\x77\x69\x64\x74\x68\x3d\x22\x33\
\x30\x22\x20\x68\x65\x69\x67\x68\x74\x3d\x22\x33\x30\x22\x20\x72\
\x78\x3d\x22\x30\x22\x20\x66\x69\x6c\x6c\x3d\x22\x23\x37\x62\x38\
\x30\x38\x37\x22\x20\x73\x74\x72\x6f\x6b\x65\x77\x69\x64\x74\x68\
\x3d\x22\x30\x22\x2f\x3e\x0a\x20\x20\x3c\x2f\x67\x3e\x0a\x3c\x70\
\x61\x74\x68\x20\x64\x3d\x22\x4d\x31\x35\x2e\x37\x39\x35\x35\x20\
\x31\x35\x2e\x38\x31\x31\x31\x4c\x32\x31\x20\x32\x31\x4d\x31\x38\
\x20\x31\x30\x2e\x35\x43\x31\x38\x20\x31\x34\x2e\x36\x34\x32\x31\
\x20\x31\x34\x2e\x36\x34\x32\x31\x20\x31\x38\x20\x31\x30\x2e\x35\
\x20\x31\x38\x43\x36\x2e\x33\x35\x37\x38\x36\x20\x31\x38\x20\x33\
\x20\x31\x34\x2e\x36\x34\x32\x31\x20\x33\x20\x31\x30\x2e\x35\x43\
\x33\x20\x36\x2e\x33\x35\x37\x38\x36\x20\x36\x2e\x33\x35\x37\x38\
\x36\x20\x33\x20\x31\x30\x2e\x35\x20\x33\x43\x31\x34\x2e\x36\x34\
\x32\x31\x20\x33\x20\x31\x38\x20\x36\x2e\x33\x35\x37\x38\x36\x20\
\x31\x38\x20\x31\x30\x2e\x35\x5a\x22\x20\x73\x74\x72\x6f\x6b\x65\
\x3d\x22\x23\x66\x66\x66\x66\x66\x66\x22\x20\x73\x74\x72\x6f\x6b\
\x65\x2d\x77\x69\x64\x74\x68\x3d\x22\x32\x22\x20\x73\x74\x72\x6f\
\x6b\x65\x2d\x6c\x69\x6e\x65\x63\x61\x70\x3d\x22\x72\x6f\x75\x6e\
\x64\x22\x20\x73\x74\x72\x6f\x6b\x65\x2d\x6c\x69\x6e\x65\x6a\x6f\
\x69\x6e\x3d\x22\x72\x6f\x75\x6e\x64\x22\x20\x66\x69\x6c\x6c\x3d\
\x22\x23\x66\x66\x66\x66\x66\x66\x22\x2f\x3e\x0a\x3c\x2f\x73\x76\
\x67\x3e\
\x00\x00\x02\x22\
\x3c\
\x3f\x78\x6d\x6c\x20\x76\x65\x72\x73\x69\x6f\x6e\x3d\x22\x31\x2e\
\x30\x22\x20\x65\x6e\x63\x6f\x64\x69\x6e\x67\x3d\x22\x75\x74\x66\
\x2d\x38\x22\x3f\x3e\x3c\x21\x2d\x2d\x20\x55\x70\x6c\x6f\x61\x64\
\x65\x64\x20\x74\x6f\x3a\x20\x53\x56\x47\x20\x52\x65\x70\x6f\x2c\
\x20\x77\x77\x77\x2e\x73\x76\x67\x72\x65\x70\x6f\x2e\x63\x6f\x6d\
\x2c\x20\x47\x65\x6e\x65\x72\x61\x74\x6f\x72\x3a\x20\x53\x56\x47\
\x20\x52\x65\x70\x6f\x20\x4d\x69\x78\x65\x72\x20\x54\x6f\x6f\x6c\
\x73\x20\x2d\x2d\x3e\x0a\x3c\x73\x76\x67\x20\x0d\x0a\x20\x20\x78\
\x6d\x6c\x6e\x73\x3d\x22\x68\x74\x74\x70\x3a\x2f\x2f\x77\x77\x77\
\x2e\x77\x33\x2e\x6f\x72\x67\x2f\x32\x30\x30\x30\x2f\x73\x76\x67\
\x22\x0d\x0a\x20\x20\x77\x69\x64\x74\x68\x3d\x22\x32\x34\x22\x0d\
\x0a\x20\x20\x68\x65\x69\x67\x68\x74\x3d\x22\x32\x34\x22\x0d\x0a\
\x20\x20\x76\x69\x65\x77\x42\x6f\x78\x3d\x22\x30\x20\x30\x20\x32\
\x34\x20\x32\x34\x22\x0d\x0a\x20\x20\x66\x69\x6c\x6c\x3d\x22\x6e\
\x6f\x6e\x65\x22\x0d\x0a\x20\x20\x73\x74\x72\x6f\x6b\x65\x3d\x22\
\x23\x30\x30\x30\x30\x30\x30\x22\x0d\x0a\x20\x20\x73\x74\x72\x6f\
\x6b\x65\x2d\x77\x69\x64\x74\x68\x3d\x22\x32\x22\x0d\x0a\x20\x20\
\x73\x74\x72\x6f\x6b\x65\x2d\x6c\x69\x6e\x65\x63\x61\x70\x3d\x22\
\x72\x6f\x75\x6e\x64\x22\x0d\x0a\x20\x20\x73\x74\x72\x6f\x6b\x65\
\x2d\x6c\x69\x6e\x65\x6a\x6f\x69\x6e\x3d\x22\x72\x6f\x75\x6e\x64\
\x22\x0d\x0a\x3e\x0d\x0a\x20\x20\x3c\x70\x61\x74\x68\x20\x64\x3d\
\x22\x4d\x31\x36\x20\x31\x36\x6c\x33\x2d\x38\x20\x33\x2e\x30\x30\
\x31\x20\x38\x41\x35\x2e\x30\x30\x32\x20\x35\x2e\x30\x30\x32\x20\
\x30\x20\x30\x31\x31\x36\x20\x31\x36\x7a\x22\x20\x2f\x3e\x0d\x0a\
\x20\x20\x3c\x70\x61\x74\x68\x20\x64\x3d\x22\x4d\x32\x20\x31\x36\
\x6c\x33\x2d\x38\x20\x33\x2e\x30\x30\x31\x20\x38\x41\x35\x2e\x30\
\x30\x32\x20\x35\x2e\x30\x30\x32\x20\x30\x20\x30\x31\x32\x20\x31\
\x36\x7a\x22\x20\x2f\x3e\x0d\x0a\x20\x20\x3c\x70\x61\x74\x68\x20\
\x64\x3d\x22\x4d\x37\x20\x32\x31\x68\x31\x30\x22\x20\x2f\x3e\x0d\
\x0a\x20\x20\x3c\x70\x61\x74\x68\x20\x64\x3d\x22\x4d\x31\x32\x20\
\x33\x76\x31\x38\x22\x20\x2f\x3e\x0d\x0a\x20\x20\x3c\x70\x61\x74\
\x68\x20\x64\x3d\x22\x4d\x33\x20\x37\x68\x32\x63\x32\x20\x30\x20\
\x35\x2d\x31\x20\x37\x2d\x32\x20\x32\x20\x31\x20\x35\x20\x32\x20\
\x37\x20\x32\x68\x32\x22\x20\x2f\x3e\x0d\x0a\x3c\x2f\x73\x76\x67\
\x3e\
\x00\x00\x05\x1a\
\x3c\
\x3f\x78\x6d\x6c\x20\x76\x65\x72\x73\x69\x6f\x6e\x3d\x22\x31\x2e\
\x30\x22\x20\x65\x6e\x63\x6f\x64\x69\x6e\x67\x3d\x22\x75\x74\x66\
\x2d\x38\x22\x3f\x3e\x3c\x21\x2d\x2d\x20\x55\x70\x6c\x6f\x61\x64\
\x65\x64\x20\x74\x6f\x3a\x20\x53\x56\x47\x20\x52\x65\x70\x6f\x2c\
\x20\x77\x77\x77\x2e\x73\x76\x67\x72\x65\x70\x6f\x2e\x63\x6f\x6d\
\x2c\x20\x47\x65\x6e\x65\x72\x61\x74\x6f\x72\x3a\x20\x53\x56\x47\
\x20\x52\x65\x70\x6f\x20\x4d\x69\x78\x65\x72\x20\x54\x6f\x6f\x6c\
\x73\x20\x2d\x2d\x3e\x0a\x3c\x73\x76\x67\x20\x76\x65\x72\x73\x69\
\x6f\x6e\x3d\x22\x31\x2e\x31\x22\x20\x69\x64\x3d\x22\x55\x70\x6c\
\x6f\x61\x64\x65\x64\x20\x74\x6f\x20\x73\x76\x67\x72\x65\x70\x6f\
\x2e\x63\x6f\x6d\x22\x20\x78\x6d\x6c\x6e\x73\x3d\x22\x68\x74\x74\
\x70\x3a\x2f\x2f\x77\x77\x77\x2e\x77\x33\x2e\x6f\x72\x67\x2f\x32\
\x30\x30\x30\x2f\x73\x76\x67\x22\x20\x78\x6d\x6c\x6e\x73\x3a\x78\
\x6c\x69\x6e\x6b\x3d\x22\x68\x74\x74\x70\x3a\x2f\x2f\x77\x77\x77\
\x2e\x77\x33\x2e\x6f\x72\x67\x2f\x31\x39\x39\x39\x2f\x78\x6c\x69\
\x6e\x6b\x22\x20\x0d\x0a\x09\x20\x77\x69\x64\x74\x68\x3d\x22\x38\
\x30\x30\x70\x78\x22\x20\x68\x65\x69\x67\x68\x74\x3d\x22\x38\x30\
\x30\x70\x78\x22\x20\x76\x69\x65\x77\x42\x6f\x78\x3d\x22\x30\x20\
\x30\x20\x33\x32\x20\x33\x32\x22\x20\x78\x6d\x6c\x3a\x73\x70\x61\
\x63\x65\x3d\x22\x70\x72\x65\x73\x65\x72\x76\x65\x22\x3e\x0d\x0a\
\x3c\x73\x74\x79\x6c\x65\x20\x74\x79\x70\x65\x3d\x22\x74\x65\x78\
\x74\x2f\x63\x73\x73\x22\x3e\x0d\x0a\x09\x2e\x6c\x69\x6e\x65\x73\
\x61\x6e\x64\x61\x6e\x67\x6c\x65\x73\x5f\x65\x65\x6e\x7b\x66\x69\
\x6c\x6c\x3a\x23\x31\x31\x31\x39\x31\x38\x3b\x7d\x0d\x0a\x3c\x2f\
\x73\x74\x79\x6c\x65\x3e\x0d\x0a\x3c\x70\x61\x74\x68\x20\x63\x6c\
\x61\x73\x73\x3d\x22\x6c\x69\x6e\x65\x73\x61\x6e\x64\x61\x6e\x67\
\x6c\x65\x73\x5f\x65\x65\x6e\x22\x20\x64\x3d\x22\x4d\x32\x37\x2e\
\x35\x32\x32\x2c\x32\x36\x2e\x39\x33\x36\x43\x32\x38\x2e\x34\x34\
\x2c\x32\x35\x2e\x38\x38\x32\x2c\x32\x39\x2c\x32\x34\x2e\x35\x30\
\x38\x2c\x32\x39\x2c\x32\x33\x63\x30\x2d\x33\x2e\x33\x31\x34\x2d\
\x32\x2e\x36\x38\x36\x2d\x36\x2d\x36\x2d\x36\x0d\x0a\x09\x63\x2d\
\x30\x2e\x34\x38\x35\x2c\x30\x2d\x30\x2e\x39\x35\x31\x2c\x30\x2e\
\x30\x37\x34\x2d\x31\x2e\x34\x30\x33\x2c\x30\x2e\x31\x38\x33\x6c\
\x2d\x36\x2e\x37\x37\x39\x2d\x36\x2e\x37\x37\x39\x43\x31\x34\x2e\
\x39\x32\x36\x2c\x39\x2e\x39\x35\x31\x2c\x31\x35\x2c\x39\x2e\x34\
\x38\x35\x2c\x31\x35\x2c\x39\x63\x30\x2d\x33\x2e\x33\x31\x34\x2d\
\x32\x2e\x36\x38\x36\x2d\x36\x2d\x36\x2d\x36\x43\x37\x2e\x34\x39\
\x32\x2c\x33\x2c\x36\x2e\x31\x31\x38\x2c\x33\x2e\x35\x36\x2c\x35\
\x2e\x30\x36\x34\x2c\x34\x2e\x34\x37\x38\x0d\x0a\x09\x4c\x38\x2e\
\x35\x38\x36\x2c\x38\x4c\x38\x2c\x38\x2e\x35\x38\x36\x4c\x34\x2e\
\x34\x37\x38\x2c\x35\x2e\x30\x36\x34\x43\x33\x2e\x35\x36\x2c\x36\
\x2e\x31\x31\x38\x2c\x33\x2c\x37\x2e\x34\x39\x32\x2c\x33\x2c\x39\
\x63\x30\x2c\x33\x2e\x33\x31\x34\x2c\x32\x2e\x36\x38\x36\x2c\x36\
\x2c\x36\x2c\x36\x63\x30\x2e\x34\x38\x35\x2c\x30\x2c\x30\x2e\x39\
\x35\x31\x2d\x30\x2e\x30\x37\x34\x2c\x31\x2e\x34\x30\x33\x2d\x30\
\x2e\x31\x38\x33\x6c\x36\x2e\x37\x37\x39\x2c\x36\x2e\x37\x37\x39\
\x0d\x0a\x09\x43\x31\x37\x2e\x30\x37\x34\x2c\x32\x32\x2e\x30\x34\
\x39\x2c\x31\x37\x2c\x32\x32\x2e\x35\x31\x35\x2c\x31\x37\x2c\x32\
\x33\x63\x30\x2c\x33\x2e\x33\x31\x34\x2c\x32\x2e\x36\x38\x36\x2c\
\x36\x2c\x36\x2c\x36\x63\x31\x2e\x35\x30\x38\x2c\x30\x2c\x32\x2e\
\x38\x38\x32\x2d\x30\x2e\x35\x36\x2c\x33\x2e\x39\x33\x36\x2d\x31\
\x2e\x34\x37\x38\x4c\x32\x33\x2e\x34\x31\x34\x2c\x32\x34\x4c\x32\
\x34\x2c\x32\x33\x2e\x34\x31\x34\x4c\x32\x37\x2e\x35\x32\x32\x2c\
\x32\x36\x2e\x39\x33\x36\x7a\x0d\x0a\x09\x20\x4d\x32\x33\x2e\x35\
\x33\x37\x2c\x32\x36\x2e\x39\x35\x31\x43\x32\x33\x2e\x33\x36\x31\
\x2c\x32\x36\x2e\x39\x37\x36\x2c\x32\x33\x2e\x31\x38\x34\x2c\x32\
\x37\x2c\x32\x33\x2c\x32\x37\x63\x2d\x32\x2e\x32\x30\x36\x2c\x30\
\x2d\x34\x2d\x31\x2e\x37\x39\x34\x2d\x34\x2d\x34\x63\x30\x2d\x30\
\x2e\x36\x39\x34\x2c\x30\x2e\x31\x39\x34\x2d\x31\x2e\x33\x33\x38\
\x2c\x30\x2e\x35\x30\x36\x2d\x31\x2e\x39\x30\x38\x6c\x2d\x38\x2e\
\x35\x39\x39\x2d\x38\x2e\x35\x39\x39\x0d\x0a\x09\x43\x31\x30\x2e\
\x33\x33\x38\x2c\x31\x32\x2e\x38\x30\x36\x2c\x39\x2e\x36\x39\x34\
\x2c\x31\x33\x2c\x39\x2c\x31\x33\x63\x2d\x32\x2e\x32\x30\x36\x2c\
\x30\x2d\x34\x2d\x31\x2e\x37\x39\x34\x2d\x34\x2d\x34\x63\x30\x2d\
\x30\x2e\x31\x38\x34\x2c\x30\x2e\x30\x32\x34\x2d\x30\x2e\x33\x36\
\x31\x2c\x30\x2e\x30\x34\x39\x2d\x30\x2e\x35\x33\x37\x4c\x38\x2c\
\x31\x31\x2e\x34\x31\x34\x4c\x31\x31\x2e\x34\x31\x34\x2c\x38\x4c\
\x38\x2e\x34\x36\x33\x2c\x35\x2e\x30\x34\x39\x0d\x0a\x09\x43\x38\
\x2e\x36\x33\x39\x2c\x35\x2e\x30\x32\x34\x2c\x38\x2e\x38\x31\x36\
\x2c\x35\x2c\x39\x2c\x35\x63\x32\x2e\x32\x30\x36\x2c\x30\x2c\x34\
\x2c\x31\x2e\x37\x39\x34\x2c\x34\x2c\x34\x63\x30\x2c\x30\x2e\x36\
\x39\x34\x2d\x30\x2e\x31\x39\x34\x2c\x31\x2e\x33\x33\x38\x2d\x30\
\x2e\x35\x30\x36\x2c\x31\x2e\x39\x30\x38\x6c\x38\x2e\x35\x39\x39\
\x2c\x38\x2e\x35\x39\x39\x43\x32\x31\x2e\x36\x36\x32\x2c\x31\x39\
\x2e\x31\x39\x34\x2c\x32\x32\x2e\x33\x30\x36\x2c\x31\x39\x2c\x32\
\x33\x2c\x31\x39\x0d\x0a\x09\x63\x32\x2e\x32\x30\x36\x2c\x30\x2c\
\x34\x2c\x31\x2e\x37\x39\x34\x2c\x34\x2c\x34\x63\x30\x2c\x30\x2e\
\x31\x38\x34\x2d\x30\x2e\x30\x32\x34\x2c\x30\x2e\x33\x36\x31\x2d\
\x30\x2e\x30\x34\x39\x2c\x30\x2e\x35\x33\x37\x4c\x32\x34\x2c\x32\
\x30\x2e\x35\x38\x36\x4c\x32\x30\x2e\x35\x38\x36\x2c\x32\x34\x4c\
\x32\x33\x2e\x35\x33\x37\x2c\x32\x36\x2e\x39\x35\x31\x7a\x22\x2f\
\x3e\x0d\x0a\x3c\x2f\x73\x76\x67\x3e\
\x00\x00\x02\x66\
\x3c\
\x73\x76\x67\x20\x78\x6d\x6c\x6e\x73\x3d\x22\x68\x74\x74\x70\x3a\
\x2f\x2f\x77\x77\x77\x2e\x77\x33\x2e\x6f\x72\x67\x2f\x32\x30\x30\
\x30\x2f\x73\x76\x67\x22\x20\x77\x69\x64\x74\x68\x3d\x22\x32\x34\
\x22\x20\x68\x65\x69\x67\x68\x74\x3d\x22\x32\x34\x22\x20\x76\x69\
\x65\x77\x42\x6f\x78\x3d\x22\x2d\x33\x20\x2d\x33\x20\x33\x30\x20\
\x33\x30\x22\x20\x66\x69\x6c\x6c\x3d\x22\x6e\x6f\x6e\x65\x22\x20\
\x73\x74\x72\x6f\x6b\x65\x3d\x22\x23\x66\x66\x66\x66\x66\x66\x22\
\x20\x73\x74\x72\x6f\x6b\x65\x2d\x77\x69\x64\x74\x68\x3d\x22\x32\
\x22\x20\x73\x74\x72\x6f\x6b\x65\x2d\x6c\x69\x6e\x65\x63\x61\x70\
\x3d\x22\x72\x6f\x75\x6e\x64\x22\x20\x73\x74\x72\x6f\x6b\x65\x2d\
\x6c\x69\x6e\x65\x6a\x6f\x69\x6e\x3d\x22\x72\x6f\x75\x6e\x64\x22\
\x3e\x3c\x67\x20\x69\x64\x3d\x22\x64\x65\x65\x64\x69\x74\x6f\x72\
\x5f\x62\x67\x43\x61\x72\x72\x69\x65\x72\x22\x20\x73\x74\x72\x6f\
\x6b\x65\x2d\x77\x69\x64\x74\x68\x3d\x22\x30\x22\x3e\x0a\x20\x20\
\x20\x20\x3c\x72\x65\x63\x74\x20\x69\x64\x3d\x22\x64\x65\x65\x5f\
\x63\x5f\x65\x22\x20\x78\x3d\x22\x2d\x33\x22\x20\x79\x3d\x22\x2d\
\x33\x22\x20\x77\x69\x64\x74\x68\x3d\x22\x33\x30\x22\x20\x68\x65\
\x69\x67\x68\x74\x3d\x22\x33\x30\x22\x20\x72\x78\x3d\x22\x30\x22\
\x20\x66\x69\x6c\x6c\x3d\x22\x23\x33\x66\x39\x63\x64\x35\x22\x20\
\x73\x74\x72\x6f\x6b\x65\x77\x69\x64\x74\x68\x3d\x22\x30\x22\x2f\
\x3e\x0a\x20\x20\x3c\x2f\x67\x3e\x0a\x20\x20\x3c\x70\x61\x74\x68\
\x20\x64\x3d\x22\x4d\x31\x36\x20\x31\x36\x6c\x33\x2d\x38\x20\x33\
\x2e\x30\x30\x31\x20\x38\x41\x35\x2e\x30\x30\x32\x20\x35\x2e\x30\
\x30\x32\x20\x30\x20\x30\x31\x31\x36\x20\x31\x36\x7a\x22\x20\x66\
\x69\x6c\x6c\x3d\x22\x23\x66\x66\x66\x66\x66\x66\x22\x2f\x3e\x0a\
\x20\x20\x3c\x70\x61\x74\x68\x20\x64\x3d\x22\x4d\x32\x20\x31\x36\
\x6c\x33\x2d\x38\x20\x33\x2e\x30\x30\x31\x20\x38\x41\x35\x2e\x30\
\x30\x32\x20\x35\x2e\x30\x30\x32\x20\x30\x20\x30\x31\x32\x20\x31\
\x36\x7a\x22\x20\x66\x69\x6c\x6c\x3d\x22\x23\x66\x66\x66\x66\x66\
\x66\x22\x2f\x3e\x0a\x20\x20\x3c\x70\x61\x74\x68\x20\x64\x3d\x22\
\x4d\x37\x20\x32\x31\x68\x31\x30\x22\x20\x66\x69\x6c\x6c\x3d\x22\
\x23\x66\x66\x66\x66\x66\x66\x22\x2f\x3e\x0a\x20\x20\x3c\x70\x61\
\x74\x68\x20\x64\x3d\x22\x4d\x31\x32\x20\x33\x76\x31\x38\x22\x20\
\x66\x69\x6c\x6c\x3d\x22\x23\x66\x66\x66\x66\x66\x66\x22\x2f\x3e\
\x0a\x20\x20\x3c\x70\x61\x74\x68\x20\x64\x3d\x22\x4d\x33\x20\x37\
\x68\x32\x63\x32\x20\x30\x20\x35\x2d\x31\x20\x37\x2d\x32\x20\x32\
\x20\x31\x20\x35\x20\x32\x20\x37\x20\x32\x68\x32\x22\x20\x66\x69\
\x6c\x6c\x3d\x22\x23\x66\x66\x66\x66\x66\x66\x22\x2f\x3e\x0a\x3c\
\x2f\x73\x76\x67\x3e\
\x00\x00\x01\xf7\
\x3c\
\x73\x76\x67\x20\x78\x6d\x6c\x6e\x73\x3d\x22\x68\x74\x74\x70\x3a\
\x2f\x2f\x77\x77\x77\x2e\x77\x33\x2e\x6f\x72\x67\x2f\x32\x30\x30\
\x30\x2f\x73\x76\x67\x22\x20\x77\x69\x64\x74\x68\x3d\x22\x38\x30\
\x30\x70\x78\x22\x20\x68\x65\x69\x67\x68\x74\x3d\x22\x38\x30\x30\
\x70\x78\x22\x20\x76\x69\x65\x77\x42\x6f\x78\x3d\x22\x2d\x33\x20\
\x2d\x33\x20\x33\x30\x20\x33\x30\x22\x3e\x3c\x67\x20\x69\x64\x3d\
\x22\x64\x65\x65\x64\x69\x74\x6f\x72\x5f\x62\x67\x43\x61\x72\x72\
\x69\x65\x72\x22\x20\x73\x74\x72\x6f\x6b\x65\x2d\x77\x69\x64\x74\
\x68\x3d\x22\x30\x22\x3e\x0a\x20\x20\x20\x20\x3c\x72\x65\x63\x74\
\x20\x69\x64\x3d\x22\x64\x65\x65\x5f\x63\x5f\x65\x22\x20\x78\x3d\
\x22\x2d\x33\x22\x20\x79\x3d\x22\x2d\x33\x22\x20\x77\x69\x64\x74\
\x68\x3d\x22\x33\x30\x22\x20\x68\x65\x69\x67\x68\x74\x3d\x22\x33\
\x30\x22\x20\x72\x78\x3d\x22\x30\x22\x20\x66\x69\x6c\x6c\x3d\x22\
\x23\x34\x31\x34\x65\x36\x31\x22\x20\x73\x74\x72\x6f\x6b\x65\x77\
\x69\x64\x74\x68\x3d\x22\x30\x22\x2f\x3e\x0a\x20\x20\x3c\x2f\x67\
\x3e\x3c\x70\x61\x74\x68\x20\x64\x3d\x22\x4d\x31\x39\x2e\x35\x20\
\x34\x2e\x35\x61\x31\x20\x31\x20\x30\x20\x31\x20\x31\x20\x31\x2d\
\x31\x20\x31\x20\x31\x20\x30\x20\x30\x20\x31\x2d\x31\x20\x31\x7a\
\x6d\x2d\x32\x20\x35\x61\x31\x20\x31\x20\x30\x20\x31\x20\x30\x20\
\x31\x2d\x31\x20\x31\x20\x31\x20\x30\x20\x30\x20\x30\x2d\x31\x20\
\x31\x7a\x6d\x2d\x31\x30\x20\x38\x61\x31\x20\x31\x20\x30\x20\x31\
\x20\x30\x2d\x31\x20\x31\x20\x31\x20\x31\x20\x30\x20\x30\x20\x30\
\x20\x31\x2d\x31\x7a\x6d\x35\x2d\x32\x61\x31\x20\x31\x20\x30\x20\
\x31\x20\x30\x20\x31\x2d\x31\x20\x31\x20\x31\x20\x30\x20\x30\x20\
\x30\x2d\x31\x20\x31\x7a\x6d\x30\x2d\x38\x61\x31\x20\x31\x20\x30\
\x20\x31\x20\x30\x20\x31\x20\x31\x20\x31\x20\x31\x20\x30\x20\x30\
\x20\x30\x2d\x31\x2d\x31\x7a\x4d\x32\x20\x31\x48\x31\x76\x32\x32\
\x68\x32\x32\x76\x2d\x31\x48\x32\x7a\x22\x20\x66\x69\x6c\x6c\x3d\
\x22\x23\x66\x66\x66\x66\x66\x66\x22\x2f\x3e\x3c\x70\x61\x74\x68\
\x20\x66\x69\x6c\x6c\x3d\x22\x6e\x6f\x6e\x65\x22\x20\x64\x3d\x22\
\x4d\x30\x20\x30\x68\x32\x34\x76\x32\x34\x48\x30\x7a\x22\x2f\x3e\
\x3c\x2f\x73\x76\x67\x3e\
\x00\x00\x02\x12\
\x3c\
\x73\x76\x67\x20\x78\x6d\x6c\x6e\x73\x3d\x22\x68\x74\x74\x70\x3a\
\x2f\x2f\x77\x77\x77\x2e\x77\x33\x2e\x6f\x72\x67\x2f\x32\x30\x30\
\x30\x2f\x73\x76\x67\x22\x20\x77\x69\x64\x74\x68\x3d\x22\x38\x30\
\x30\x70\x78\x22\x20\x68\x65\x69\x67\x68\x74\x3d\x22\x38\x30\x30\
\x70\x78\x22\x20\x76\x69\x65\x77\x42\x6f\x78\x3d\x22\x2d\x33\x20\
\x2d\x33\x20\x32\x32\x20\x32\x32\x22\x20\x66\x69\x6c\x6c\x3d\x22\
\x6e\x6f\x6e\x65\x22\x3e\x3c\x67\x20\x69\x64\x3d\x22\x64\x65\x65\
\x64\x69\x74\x6f\x72\x5f\x62\x67\x43\x61\x72\x72\x69\x65\x72\x22\
\x20\x73\x74\x72\x6f\x6b\x65\x2d\x77\x69\x64\x74\x68\x3d\x22\x30\
\x22\x3e\x0a\x20\x20\x20\x20\x3c\x72\x65\x63\x74\x20\x69\x64\x3d\
\x22\x64\x65\x65\x5f\x63\x5f\x65\x22\x20\x78\x3d\x22\x2d\x33\x22\
\x20\x79\x3d\x22\x2d\x33\x22\x20\x77\x69\x64\x74\x68\x3d\x22\x32\
\x32\x22\x20\x68\x65\x69\x67\x68\x74\x3d\x22\x32\x32\x22\x20\x72\
\x78\x3d\x22\x30\x22\x20\x66\x69\x6c\x6c\x3d\x22\x23\x34\x31\x34\
\x65\x36\x31\x22\x20\x73\x74\x72\x6f\x6b\x65\x77\x69\x64\x74\x68\
\x3d\x22\x30\x22\x2f\x3e\x0a\x20\x20\x3c\x2f\x67\x3e\x0a\x3c\x70\
\x61\x74\x68\x20\x64\x3d\x22\x4d\x35\x2e\x35\x20\x35\x2e\x35\x43\
\x35\x2e\x35\x20\x34\x2e\x31\x31\x39\x32\x39\x20\x36\x2e\x36\x31\
\x39\x32\x39\x20\x33\x20\x38\x20\x33\x43\x39\x2e\x33\x38\x30\x37\
\x31\x20\x33\x20\x31\x30\x2e\x35\x20\x34\x2e\x31\x31\x39\x32\x39\
\x20\x31\x30\x2e\x35\x20\x35\x2e\x35\x43\x31\x30\x2e\x35\x20\x36\
\x2e\x38\x38\x30\x37\x31\x20\x39\x2e\x33\x38\x30\x37\x31\x20\x38\
\x20\x38\x20\x38\x48\x37\x56\x31\x31\x48\x38\x43\x31\x31\x2e\x30\
\x33\x37\x36\x20\x31\x31\x20\x31\x33\x2e\x35\x20\x38\x2e\x35\x33\
\x37\x35\x37\x20\x31\x33\x2e\x35\x20\x35\x2e\x35\x43\x31\x33\x2e\
\x35\x20\x32\x2e\x34\x36\x32\x34\x33\x20\x31\x31\x2e\x30\x33\x37\
\x36\x20\x30\x20\x38\x20\x30\x43\x34\x2e\x39\x36\x32\x34\x33\x20\
\x30\x20\x32\x2e\x35\x20\x32\x2e\x34\x36\x32\x34\x33\x20\x32\x2e\
\x35\x20\x35\x2e\x35\x48\x35\x2e\x35\x5a\x22\x20\x66\x69\x6c\x6c\
\x3d\x22\x23\x66\x66\x66\x66\x66\x66\x22\x2f\x3e\x0a\x3c\x70\x61\
\x74\x68\x20\x64\x3d\x22\x4d\x31\x30\x20\x31\x33\x48\x37\x56\x31\
\x36\x48\x31\x30\x56\x31\x33\x5a\x22\x20\x66\x69\x6c\x6c\x3d\x22\
\x23\x66\x66\x66\x66\x66\x66\x22\x2f\x3e\x0a\x3c\x2f\x73\x76\x67\
\x3e\
\x00\x00\x02\x66\
\x3c\
\x73\x76\x67\x20\x78\x6d\x6c\x6e\x73\x3d\x22\x68\x74\x74\x70\x3a\
\x2f\x2f\x77\x77\x77\x2e\x77\x33\x2e\x6f\x72\x67\x2f\x32\x30\x30\
\x30\x2f\x73\x76\x67\x22\x20\x77\x69\x64\x74\x68\x3d\x22\x32\x34\
\x22\x20\x68\x65\x69\x67\x68\x74\x3d\x22\x32\x34\x22\x20\x76\x69\
\x65\x77\x42\x6f\x78\x3d\x22\x2d\x33\x20\x2d\x33\x20\x33\x30\x20\
\x33\x30\x22\x20\x66\x69\x6c\x6c\x3d\x22\x6e\x6f\x6e\x65\x22\x20\
\x73\x74\x72\x6f\x6b\x65\x3d\x22\x23\x66\x66\x66\x66\x66\x66\x22\
\x20\x73\x74\x72\x6f\x6b\x65\x2d\x77\x69\x64\x74\x68\x3d\x22\x32\
\x22\x20\x73\x74\x72\x6f\x6b\x65\x2d\x6c\x69\x6e\x65\x63\x61\x70\
\x3d\x22\x72\x6f\x75\x6e\x64\x22\x20\x73\x74\x72\x6f\x6b\x65\x2d\
\x6c\x69\x6e\x65\x6a\x6f\x69\x6e\x3d\x22\x72\x6f\x75\x6e\x64\x22\
\x3e\x3c\x67\x20\x69\x64\x3d\x22\x64\x65\x65\x64\x69\x74\x6f\x72\
\x5f\x62\x67\x43\x61\x72\x72\x69\x65\x72\x22\x20\x73\x74\x72\x6f\
\x6b\x65\x2d\x77\x69\x64\x74\x68\x3d\x22\x30\x22\x3e\x0a\x20\x20\
\x20\x20\x3c\x72\x65\x63\x74\x20\x69\x64\x3d\x22\x64\x65\x65\x5f\
\x63\x5f\x65\x22\x20\x78\x3d\x22\x2d\x33\x22\x20\x79\x3d\x22\x2d\
\x33\x22\x20\x77\x69\x64\x74\x68\x3d\x22\x33\x30\x22\x20\x68\x65\
\x69\x67\x68\x74\x3d\x22\x33\x30\x22\x20\x72\x78\x3d\x22\x30\x22\
\x20\x66\x69\x6c\x6c\x3d\x22\x23\x34\x31\x34\x65\x36\x31\x22\x20\
\x73\x74\x72\x6f\x6b\x65\x77\x69\x64\x74\x68\x3d\x22\x30\x22\x2f\
\x3e\x0a\x20\x20\x3c\x2f\x67\x3e\x0a\x20\x20\x3c\x70\x61\x74\x68\
\x20\x64\x3d\x22\x4d\x31\x36\x20\x31\x36\x6c\x33\x2d\x38\x20\x33\
\x2e\x30\x30\x31\x20\x38\x41\x35\x2e\x30\x30\x32\x20\x35\x2e\x30\
\x30\x32\x20\x30\x20\x30\x31\x31\x36\x20\x31\x36\x7a\x22\x20\x66\
\x69\x6c\x6c\x3d\x22\x23\x66\x66\x66\x66\x66\x66\x22\x2f\x3e\x0a\
\x20\x20\x3c\x70\x61\x74\x68\x20\x64\x3d\x22\x4d\x32\x20\x31\x36\
\x6c\x33\x2d\x38\x20\x33\x2e\x30\x30\x31\x20\x38\x41\x35\x2e\x30\
\x30\x32\x20\x35\x2e\x30\x30\x32\x20\x30\x20\x30\x31\x32\x20\x31\
\x36\x7a\x22\x20\x66\x69\x6c\x6c\x3d\x22\x23\x66\x66\x66\x66\x66\
\x66\x22\x2f\x3e\x0a\x20\x20\x3c\x70\x61\x74\x68\x20\x64\x3d\x22\
\x4d\x37\x20\x32\x31\x68\x31\x30\x22\x20\x66\x69\x6c\x6c\x3d\x22\
\x23\x66\x66\x66\x66\x66\x66\x22\x2f\x3e\x0a\x20\x20\x3c\x70\x61\
\x74\x68\x20\x64\x3d\x22\x4d\x31\x32\x20\x33\x76\x31\x38\x22\x20\
\x66\x69\x6c\x6c\x3d\x22\x23\x66\x66\x66\x66\x66\x66\x22\x2f\x3e\
\x0a\x20\x20\x3c\x70\x61\x74\x68\x20\x64\x3d\x22\x4d\x33\x20\x37\
\x68\x32\x63\x32\x20\x30\x20\x35\x2d\x31\x20\x37\x2d\x32\x20\x32\
\x20\x31\x20\x35\x20\x32\x20\x37\x20\x32\x68\x32\x22\x20\x66\x69\
\x6c\x6c\x3d\x22\x23\x66\x66\x66\x66\x66\x66\x22\x2f\x3e\x0a\x3c\
\x2f\x73\x76\x67\x3e\
"

qt_resource_name = b"\
\x00\x05\
\x00\x6f\xa6\x53\
\x00\x69\
\x00\x63\x00\x6f\x00\x6e\x00\x73\
\x00\x06\
\x07\x03\x7d\xc3\
\x00\x69\
\x00\x6d\x00\x61\x00\x67\x00\x65\x00\x73\
\x00\x07\
\x07\xa7\x5a\x07\
\x00\x61\
\x00\x64\x00\x64\x00\x2e\x00\x73\x00\x76\x00\x67\
\x00\x13\
\x08\xa1\xff\x67\
\x00\x63\
\x00\x61\x00\x6c\x00\x69\x00\x62\x00\x72\x00\x61\x00\x74\x00\x69\x00\x6f\x00\x6e\x00\x5f\x00\x79\x00\x65\x00\x73\x00\x2e\x00\x73\
\x00\x76\x00\x67\
\x00\x0a\
\x0f\xcd\x26\x07\
\x00\x75\
\x00\x68\x00\x5f\x00\x79\x00\x65\x00\x73\x00\x2e\x00\x73\x00\x76\x00\x67\
\x00\x16\
\x02\x0b\x36\xe7\
\x00\x73\
\x00\x65\x00\x64\x00\x69\x00\x6d\x00\x65\x00\x6e\x00\x74\x00\x6f\x00\x67\x00\x72\x00\x61\x00\x70\x00\x68\x00\x5f\x00\x79\x00\x65\
\x00\x73\x00\x2e\x00\x73\x00\x76\x00\x67\
\x00\x15\
\x07\x34\x9c\x87\
\x00\x73\
\x00\x69\x00\x6d\x00\x70\x00\x6c\x00\x65\x00\x5f\x00\x64\x00\x65\x00\x73\x00\x69\x00\x67\x00\x6e\x00\x5f\x00\x79\x00\x65\x00\x73\
\x00\x2e\x00\x73\x00\x76\x00\x67\
\x00\x14\
\x02\xe1\x36\xa7\
\x00\x73\
\x00\x69\x00\x6d\x00\x70\x00\x6c\x00\x65\x00\x5f\x00\x64\x00\x65\x00\x73\x00\x69\x00\x67\x00\x6e\x00\x5f\x00\x6e\x00\x6f\x00\x2e\
\x00\x73\x00\x76\x00\x67\
\x00\x0a\
\x06\xcb\x42\x47\
\x00\x72\
\x00\x65\x00\x6d\x00\x6f\x00\x76\x00\x65\x00\x2e\x00\x73\x00\x76\x00\x67\
\x00\x12\
\x09\x2c\x1b\x47\
\x00\x68\
\x00\x79\x00\x64\x00\x72\x00\x6f\x00\x67\x00\x72\x00\x61\x00\x70\x00\x68\x00\x5f\x00\x79\x00\x65\x00\x73\x00\x2e\x00\x73\x00\x76\
\x00\x67\
\x00\x11\
\x04\x21\xeb\xe7\
\x00\x70\
\x00\x61\x00\x72\x00\x61\x00\x6d\x00\x65\x00\x74\x00\x65\x00\x72\x00\x73\x00\x5f\x00\x6e\x00\x6f\x00\x2e\x00\x73\x00\x76\x00\x67\
\
\x00\x11\
\x00\x40\xbe\xe7\
\x00\x68\
\x00\x79\x00\x64\x00\x72\x00\x6f\x00\x67\x00\x72\x00\x61\x00\x70\x00\x68\x00\x5f\x00\x6e\x00\x6f\x00\x2e\x00\x73\x00\x76\x00\x67\
\
\x00\x0e\
\x03\x93\xc1\x47\
\x00\x66\
\x00\x6f\x00\x6c\x00\x64\x00\x65\x00\x72\x00\x5f\x00\x79\x00\x65\x00\x73\x00\x2e\x00\x73\x00\x76\x00\x67\
\x00\x15\
\x05\x8e\x8c\x07\
\x00\x73\
\x00\x65\x00\x64\x00\x69\x00\x6d\x00\x65\x00\x6e\x00\x74\x00\x6f\x00\x67\x00\x72\x00\x61\x00\x70\x00\x68\x00\x5f\x00\x6e\x00\x6f\
\x00\x2e\x00\x73\x00\x76\x00\x67\
\x00\x12\
\x01\x27\xe0\xa7\
\x00\x63\
\x00\x61\x00\x6c\x00\x69\x00\x62\x00\x72\x00\x61\x00\x74\x00\x69\x00\x6f\x00\x6e\x00\x5f\x00\x6e\x00\x6f\x00\x2e\x00\x73\x00\x76\
\x00\x67\
\x00\x12\
\x01\xbe\x60\x87\
\x00\x76\
\x00\x65\x00\x67\x00\x65\x00\x74\x00\x61\x00\x74\x00\x69\x00\x6f\x00\x6e\x00\x5f\x00\x79\x00\x65\x00\x73\x00\x2e\x00\x73\x00\x76\
\x00\x67\
\x00\x08\
\x0f\xa8\x57\x07\
\x00\x68\
\x00\x69\x00\x64\x00\x65\x00\x2e\x00\x73\x00\x76\x00\x67\
\x00\x11\
\x02\xb9\xd9\x67\
\x00\x76\
\x00\x65\x00\x67\x00\x65\x00\x74\x00\x61\x00\x74\x00\x69\x00\x6f\x00\x6e\x00\x5f\x00\x6e\x00\x6f\x00\x2e\x00\x73\x00\x76\x00\x67\
\
\x00\x16\
\x0a\x7f\x3e\x87\
\x00\x63\
\x00\x6f\x00\x6d\x00\x70\x00\x6c\x00\x65\x00\x78\x00\x5f\x00\x64\x00\x65\x00\x73\x00\x69\x00\x67\x00\x6e\x00\x5f\x00\x79\x00\x65\
\x00\x73\x00\x2e\x00\x73\x00\x76\x00\x67\
\x00\x1d\
\x09\xbe\x85\xa7\
\x00\x67\
\x00\x75\x00\x69\x00\x2d\x00\x73\x00\x75\x00\x62\x00\x73\x00\x63\x00\x72\x00\x69\x00\x70\x00\x74\x00\x2d\x00\x73\x00\x76\x00\x67\
\x00\x72\x00\x65\x00\x70\x00\x6f\x00\x2d\x00\x63\x00\x6f\x00\x6d\x00\x2e\x00\x73\x00\x76\x00\x67\
\x00\x12\
\x0b\x41\x48\xc7\
\x00\x70\
\x00\x61\x00\x72\x00\x61\x00\x6d\x00\x65\x00\x74\x00\x65\x00\x72\x00\x73\x00\x5f\x00\x79\x00\x65\x00\x73\x00\x2e\x00\x73\x00\x76\
\x00\x67\
\x00\x0d\
\x00\x97\x03\x07\
\x00\x66\
\x00\x6f\x00\x6c\x00\x64\x00\x65\x00\x72\x00\x5f\x00\x6e\x00\x6f\x00\x2e\x00\x73\x00\x76\x00\x67\
\x00\x0e\
\x0c\x18\x14\xa7\
\x00\x76\
\x00\x65\x00\x67\x00\x65\x00\x74\x00\x61\x00\x74\x00\x69\x00\x6f\x00\x6e\x00\x2e\x00\x73\x00\x76\x00\x67\
\x00\x15\
\x02\x0d\xcc\x87\
\x00\x63\
\x00\x6f\x00\x6d\x00\x70\x00\x6c\x00\x65\x00\x78\x00\x5f\x00\x64\x00\x65\x00\x73\x00\x69\x00\x67\x00\x6e\x00\x5f\x00\x6e\x00\x6f\
\x00\x2e\x00\x73\x00\x76\x00\x67\
\x00\x0c\
\x0d\x1d\x76\x87\
\x00\x73\
\x00\x6f\x00\x62\x00\x6f\x00\x6c\x00\x5f\x00\x6e\x00\x6f\x00\x2e\x00\x73\x00\x76\x00\x67\
\x00\x14\
\x0d\x19\x73\xe7\
\x00\x75\
\x00\x6e\x00\x63\x00\x65\x00\x72\x00\x74\x00\x61\x00\x69\x00\x6e\x00\x69\x00\x74\x00\x79\x00\x5f\x00\x79\x00\x65\x00\x73\x00\x2e\
\x00\x73\x00\x76\x00\x67\
\x00\x09\
\x06\x52\xad\x07\
\x00\x75\
\x00\x68\x00\x5f\x00\x6e\x00\x6f\x00\x2e\x00\x73\x00\x76\x00\x67\
\x00\x0e\
\x06\xfd\xb8\xa7\
\x00\x64\
\x00\x65\x00\x73\x00\x69\x00\x67\x00\x6e\x00\x5f\x00\x79\x00\x65\x00\x73\x00\x2e\x00\x73\x00\x76\x00\x67\
\x00\x0d\
\x0b\x78\x9f\xe7\
\x00\x73\
\x00\x6f\x00\x62\x00\x6f\x00\x6c\x00\x5f\x00\x79\x00\x65\x00\x73\x00\x2e\x00\x73\x00\x76\x00\x67\
\x00\x0f\
\x0d\xd5\xe4\x87\
\x00\x66\
\x00\x6f\x00\x6c\x00\x64\x00\x65\x00\x72\x00\x5f\x00\x67\x00\x72\x00\x61\x00\x79\x00\x2e\x00\x73\x00\x76\x00\x67\
\x00\x0d\
\x03\xc5\xa4\xe7\
\x00\x64\
\x00\x65\x00\x73\x00\x69\x00\x67\x00\x6e\x00\x5f\x00\x6e\x00\x6f\x00\x2e\x00\x73\x00\x76\x00\x67\
\x00\x0e\
\x02\xf8\x55\x07\
\x00\x6d\
\x00\x6f\x00\x72\x00\x72\x00\x69\x00\x73\x00\x5f\x00\x79\x00\x65\x00\x73\x00\x2e\x00\x73\x00\x76\x00\x67\
\x00\x0a\
\x08\x94\x6d\xc7\
\x00\x73\
\x00\x65\x00\x61\x00\x72\x00\x63\x00\x68\x00\x2e\x00\x73\x00\x76\x00\x67\
\x00\x0f\
\x0b\xfc\xdc\x67\
\x00\x73\
\x00\x65\x00\x6e\x00\x73\x00\x69\x00\x74\x00\x69\x00\x76\x00\x69\x00\x74\x00\x79\x00\x2e\x00\x73\x00\x76\x00\x67\
\x00\x0f\
\x0d\xd3\xed\x87\
\x00\x63\
\x00\x61\x00\x6c\x00\x69\x00\x62\x00\x72\x00\x61\x00\x74\x00\x69\x00\x6f\x00\x6e\x00\x2e\x00\x73\x00\x76\x00\x67\
\x00\x13\
\x09\x75\xa5\x07\
\x00\x73\
\x00\x65\x00\x6e\x00\x73\x00\x69\x00\x74\x00\x69\x00\x76\x00\x69\x00\x74\x00\x79\x00\x5f\x00\x79\x00\x65\x00\x73\x00\x2e\x00\x73\
\x00\x76\x00\x67\
\x00\x0d\
\x0e\x85\x7a\x27\
\x00\x6d\
\x00\x6f\x00\x72\x00\x72\x00\x69\x00\x73\x00\x5f\x00\x6e\x00\x6f\x00\x2e\x00\x73\x00\x76\x00\x67\
\x00\x13\
\x0d\x7f\x68\x47\
\x00\x75\
\x00\x6e\x00\x63\x00\x65\x00\x72\x00\x74\x00\x61\x00\x69\x00\x6e\x00\x69\x00\x74\x00\x79\x00\x5f\x00\x6e\x00\x6f\x00\x2e\x00\x73\
\x00\x76\x00\x67\
\x00\x12\
\x0e\x3d\x25\x27\
\x00\x73\
\x00\x65\x00\x6e\x00\x73\x00\x69\x00\x74\x00\x69\x00\x76\x00\x69\x00\x74\x00\x79\x00\x5f\x00\x6e\x00\x6f\x00\x2e\x00\x73\x00\x76\
\x00\x67\
"

qt_resource_struct_v1 = b"\
\x00\x00\x00\x00\x00\x02\x00\x00\x00\x01\x00\x00\x00\x01\
\x00\x00\x00\x00\x00\x02\x00\x00\x00\x01\x00\x00\x00\x02\
\x00\x00\x00\x10\x00\x02\x00\x00\x00\x26\x00\x00\x00\x03\
\x00\x00\x01\x78\x00\x00\x00\x00\x00\x01\x00\x00\x37\xdf\
\x00\x00\x03\x20\x00\x00\x00\x00\x00\x01\x00\x00\x5e\x31\
\x00\x00\x01\xf2\x00\x00\x00\x00\x00\x01\x00\x00\x46\x88\
\x00\x00\x02\x1c\x00\x00\x00\x00\x00\x01\x00\x00\x4b\xec\
\x00\x00\x00\x7c\x00\x00\x00\x00\x00\x01\x00\x00\x18\xa4\
\x00\x00\x03\x62\x00\x00\x00\x00\x00\x01\x00\x00\x64\xbf\
\x00\x00\x02\x5c\x00\x00\x00\x00\x00\x01\x00\x00\x51\xc5\
\x00\x00\x00\xde\x00\x00\x00\x00\x00\x01\x00\x00\x21\x3f\
\x00\x00\x04\x7c\x00\x00\x00\x00\x00\x01\x00\x00\x8e\xca\
\x00\x00\x01\xa0\x00\x00\x00\x00\x00\x01\x00\x00\x3c\x28\
\x00\x00\x04\x5c\x00\x00\x00\x00\x00\x01\x00\x00\x85\xc3\
\x00\x00\x01\x50\x00\x00\x00\x00\x00\x01\x00\x00\x34\x57\
\x00\x00\x01\xc2\x00\x00\x00\x00\x00\x01\x00\x00\x40\x8a\
\x00\x00\x03\xde\x00\x00\x00\x00\x00\x01\x00\x00\x6f\x05\
\x00\x00\x01\x0c\x00\x00\x00\x00\x00\x01\x00\x00\x23\xdc\
\x00\x00\x03\xf6\x00\x00\x00\x00\x00\x01\x00\x00\x73\x8d\
\x00\x00\x00\xae\x00\x00\x00\x00\x00\x01\x00\x00\x1e\xa2\
\x00\x00\x00\x22\x00\x00\x00\x00\x00\x01\x00\x00\x00\x00\
\x00\x00\x04\x9e\x00\x00\x00\x00\x00\x01\x00\x00\x92\xcc\
\x00\x00\x04\x9e\x00\x00\x00\x00\x00\x01\x00\x00\x90\xc5\
\x00\x00\x00\x36\x00\x00\x00\x00\x00\x01\x00\x00\x0e\xb8\
\x00\x00\x01\x26\x00\x00\x00\x00\x00\x01\x00\x00\x30\x0e\
\x00\x00\x05\x00\x00\x00\x00\x00\x00\x01\x00\x00\x9c\x17\
\x00\x00\x02\xb6\x00\x00\x00\x00\x00\x01\x00\x00\x57\x52\
\x00\x00\x02\x84\x00\x00\x00\x00\x00\x01\x00\x00\x54\x1d\
\x00\x00\x02\xf6\x00\x00\x00\x00\x00\x01\x00\x00\x5a\xa9\
\x00\x00\x04\x18\x00\x00\x00\x00\x00\x01\x00\x00\x7c\x94\
\x00\x00\x04\xb8\x00\x00\x00\x00\x00\x01\x00\x00\x94\xd3\
\x00\x00\x03\x40\x00\x00\x00\x00\x00\x01\x00\x00\x62\x93\
\x00\x00\x03\xb0\x00\x00\x00\x00\x00\x01\x00\x00\x6c\xef\
\x00\x00\x03\x92\x00\x00\x00\x00\x00\x01\x00\x00\x67\xf4\
\x00\x00\x05\x4c\x00\x00\x00\x00\x00\x01\x00\x00\xa0\x7c\
\x00\x00\x04\xdc\x00\x00\x00\x00\x00\x01\x00\x00\x96\xf9\
\x00\x00\x04\x38\x00\x00\x00\x00\x00\x01\x00\x00\x81\x8f\
\x00\x00\x05\x78\x00\x00\x00\x00\x00\x01\x00\x00\xa2\x92\
\x00\x00\x05\x2c\x00\x00\x00\x00\x00\x01\x00\x00\x9e\x81\
\x00\x00\x02\x46\x00\x00\x00\x00\x00\x01\x00\x00\x4e\x44\
\x00\x00\x00\x62\x00\x00\x00\x00\x00\x01\x00\x00\x14\x1c\
"

qt_resource_struct_v2 = b"\
\x00\x00\x00\x00\x00\x02\x00\x00\x00\x01\x00\x00\x00\x01\
\x00\x00\x00\x00\x00\x00\x00\x00\
\x00\x00\x00\x00\x00\x02\x00\x00\x00\x01\x00\x00\x00\x02\
\x00\x00\x00\x00\x00\x00\x00\x00\
\x00\x00\x00\x10\x00\x02\x00\x00\x00\x26\x00\x00\x00\x03\
\x00\x00\x00\x00\x00\x00\x00\x00\
\x00\x00\x01\x78\x00\x00\x00\x00\x00\x01\x00\x00\x37\xdf\
\x00\x00\x01\x92\x05\x60\xf1\xb1\
\x00\x00\x03\x20\x00\x00\x00\x00\x00\x01\x00\x00\x5e\x31\
\x00\x00\x01\x92\x00\x9a\x6d\x23\
\x00\x00\x01\xf2\x00\x00\x00\x00\x00\x01\x00\x00\x46\x88\
\x00\x00\x01\x92\x00\x7e\x56\x79\
\x00\x00\x02\x1c\x00\x00\x00\x00\x00\x01\x00\x00\x4b\xec\
\x00\x00\x01\x92\x00\x9e\xe3\x23\
\x00\x00\x00\x7c\x00\x00\x00\x00\x00\x01\x00\x00\x18\xa4\
\x00\x00\x01\x92\x05\x64\x2d\xe5\
\x00\x00\x03\x62\x00\x00\x00\x00\x00\x01\x00\x00\x64\xbf\
\x00\x00\x01\x92\x05\xa3\xac\x3e\
\x00\x00\x02\x5c\x00\x00\x00\x00\x00\x01\x00\x00\x51\xc5\
\x00\x00\x01\x92\x00\x9e\xa8\x27\
\x00\x00\x00\xde\x00\x00\x00\x00\x00\x01\x00\x00\x21\x3f\
\x00\x00\x01\x92\x05\xa2\x76\x42\
\x00\x00\x04\x7c\x00\x00\x00\x00\x00\x01\x00\x00\x8e\xca\
\x00\x00\x01\x92\x05\xa5\x19\xe5\
\x00\x00\x01\xa0\x00\x00\x00\x00\x00\x01\x00\x00\x3c\x28\
\x00\x00\x01\x92\x00\x9a\x0f\x01\
\x00\x00\x04\x5c\x00\x00\x00\x00\x00\x01\x00\x00\x85\xc3\
\x00\x00\x01\x92\x00\xa1\xb3\xa0\
\x00\x00\x01\x50\x00\x00\x00\x00\x00\x01\x00\x00\x34\x57\
\x00\x00\x01\x92\x05\xa9\x12\x99\
\x00\x00\x01\xc2\x00\x00\x00\x00\x00\x01\x00\x00\x40\x8a\
\x00\x00\x01\x92\x05\x64\x60\x53\
\x00\x00\x03\xde\x00\x00\x00\x00\x00\x01\x00\x00\x6f\x05\
\x00\x00\x01\x92\x00\x9c\xa0\x35\
\x00\x00\x01\x0c\x00\x00\x00\x00\x00\x01\x00\x00\x23\xdc\
\x00\x00\x01\x8f\x91\xab\x0a\xff\
\x00\x00\x03\xf6\x00\x00\x00\x00\x00\x01\x00\x00\x73\x8d\
\x00\x00\x01\x92\x00\xa1\xe9\x95\
\x00\x00\x00\xae\x00\x00\x00\x00\x00\x01\x00\x00\x1e\xa2\
\x00\x00\x01\x92\x05\xa2\x30\xcf\
\x00\x00\x00\x22\x00\x00\x00\x00\x00\x01\x00\x00\x00\x00\
\x00\x00\x01\x8f\x91\xab\x0a\xb1\
\x00\x00\x04\x9e\x00\x00\x00\x00\x00\x01\x00\x00\x92\xcc\
\x00\x00\x01\x92\x05\x37\x63\x68\
\x00\x00\x04\x9e\x00\x00\x00\x00\x00\x01\x00\x00\x90\xc5\
\x00\x00\x01\x92\x05\x37\x63\x68\
\x00\x00\x00\x36\x00\x00\x00\x00\x00\x01\x00\x00\x0e\xb8\
\x00\x00\x01\x92\x00\x7f\x56\xba\
\x00\x00\x01\x26\x00\x00\x00\x00\x00\x01\x00\x00\x30\x0e\
\x00\x00\x01\x92\x05\x60\x11\x51\
\x00\x00\x05\x00\x00\x00\x00\x00\x00\x01\x00\x00\x9c\x17\
\x00\x00\x01\x92\x00\xa3\xd8\x60\
\x00\x00\x02\xb6\x00\x00\x00\x00\x00\x01\x00\x00\x57\x52\
\x00\x00\x01\x92\x05\xa8\x8f\xb1\
\x00\x00\x02\x84\x00\x00\x00\x00\x00\x01\x00\x00\x54\x1d\
\x00\x00\x01\x92\x05\xa3\xe9\x9a\
\x00\x00\x02\xf6\x00\x00\x00\x00\x00\x01\x00\x00\x5a\xa9\
\x00\x00\x01\x92\x05\xa8\xe6\x92\
\x00\x00\x04\x18\x00\x00\x00\x00\x00\x01\x00\x00\x7c\x94\
\x00\x00\x01\x92\x05\xa6\x08\xaa\
\x00\x00\x04\xb8\x00\x00\x00\x00\x00\x01\x00\x00\x94\xd3\
\x00\x00\x01\x91\xfb\x90\x66\x86\
\x00\x00\x03\x40\x00\x00\x00\x00\x00\x01\x00\x00\x62\x93\
\x00\x00\x01\x91\xfb\x96\xcd\x9a\
\x00\x00\x03\xb0\x00\x00\x00\x00\x00\x01\x00\x00\x6c\xef\
\x00\x00\x01\x92\x00\xa5\xdf\xc1\
\x00\x00\x03\x92\x00\x00\x00\x00\x00\x01\x00\x00\x67\xf4\
\x00\x00\x01\x92\x05\xa5\xdf\xb7\
\x00\x00\x05\x4c\x00\x00\x00\x00\x00\x01\x00\x00\xa0\x7c\
\x00\x00\x01\x92\x00\xa5\xb3\x19\
\x00\x00\x04\xdc\x00\x00\x00\x00\x00\x01\x00\x00\x96\xf9\
\x00\x00\x01\x91\xfb\x8c\x4b\x81\
\x00\x00\x04\x38\x00\x00\x00\x00\x00\x01\x00\x00\x81\x8f\
\x00\x00\x01\x91\xfb\xf0\x5f\x38\
\x00\x00\x05\x78\x00\x00\x00\x00\x00\x01\x00\x00\xa2\x92\
\x00\x00\x01\x92\x00\xa3\xa9\xe3\
\x00\x00\x05\x2c\x00\x00\x00\x00\x00\x01\x00\x00\x9e\x81\
\x00\x00\x01\x92\x05\xa5\x41\xf7\
\x00\x00\x02\x46\x00\x00\x00\x00\x00\x01\x00\x00\x4e\x44\
\x00\x00\x01\x92\x00\xc5\xa3\xac\
\x00\x00\x00\x62\x00\x00\x00\x00\x00\x01\x00\x00\x14\x1c\
\x00\x00\x01\x92\x00\x9c\xdd\x7b\
"

qt_version = QtCore.qVersion().split('.')
if qt_version < ['5', '8', '0']:
    rcc_version = 1
    qt_resource_struct = qt_resource_struct_v1
else:
    rcc_version = 2
    qt_resource_struct = qt_resource_struct_v2

def qInitResources():
    QtCore.qRegisterResourceData(rcc_version, qt_resource_struct, qt_resource_name, qt_resource_data)

def qCleanupResources():
    QtCore.qUnregisterResourceData(rcc_version, qt_resource_struct, qt_resource_name, qt_resource_data)

qInitResources()
